{"v":"5.6.9","fr":30,"ip":0,"op":600,"w":112,"h":110,"nm":"Icons bussines 24","ddd":0,"assets":[],"layers":[{"ddd":0,"ind":1,"ty":3,"nm":"Color control","sr":1,"ks":{"o":{"a":0,"k":100,"ix":11},"r":{"a":0,"k":0,"ix":10},"p":{"a":0,"k":[55.833,57.25,0],"ix":2},"a":{"a":0,"k":[200,200,0],"ix":1},"s":{"a":0,"k":[51,51,100],"ix":6}},"ao":0,"ef":[{"ty":5,"nm":"Line","np":3,"mn":"ADBE Color Control","ix":1,"en":1,"ef":[{"ty":2,"nm":"Color","mn":"ADBE Color Control-0001","ix":1,"v":{"a":0,"k":[0.266666680574,0.380392163992,0.450980395079,1],"ix":1}}]},{"ty":5,"nm":"Back 3","np":3,"mn":"ADBE Color Control","ix":2,"en":1,"ef":[{"ty":2,"nm":"Color","mn":"ADBE Color Control-0001","ix":1,"v":{"a":0,"k":[0.909803926945,0.780392169952,0.478431373835,1],"ix":1}}]},{"ty":5,"nm":"Global color on/off","np":3,"mn":"ADBE Checkbox Control","ix":3,"en":1,"ef":[{"ty":7,"nm":"Checkbox","mn":"ADBE Checkbox Control-0001","ix":1,"v":{"a":0,"k":1,"ix":1}}]}],"ip":0,"op":614,"st":0,"bm":0},{"ddd":0,"ind":2,"ty":3,"nm":"Null 14","sr":1,"ks":{"o":{"a":0,"k":0,"ix":11},"r":{"a":0,"k":0,"ix":10},"p":{"a":1,"k":[{"i":{"x":0.667,"y":1},"o":{"x":0.333,"y":0.474},"t":33,"s":[56,57,0],"to":[0,1.333,0],"ti":[0,1.5,0]},{"i":{"x":0.667,"y":1},"o":{"x":0.333,"y":0},"t":43.5,"s":[56,65,0],"to":[0,-1.5,0],"ti":[0,1.333,0]},{"i":{"x":0.667,"y":0.547},"o":{"x":0.333,"y":0},"t":64.5,"s":[56,48,0],"to":[0,-1.333,0],"ti":[0,-1.5,0]},{"t":75,"s":[56,57,0]}],"ix":2,"x":"var $bm_rt;\n$bm_rt = loopOut('cycle');"},"a":{"a":0,"k":[0,0,0],"ix":1},"s":{"a":0,"k":[51.5,51.5,100],"ix":6}},"ao":0,"ip":0,"op":610,"st":0,"bm":0},{"ddd":0,"ind":3,"ty":4,"nm":"Line","parent":2,"sr":1,"ks":{"o":{"a":0,"k":100,"ix":11},"r":{"a":0,"k":0,"ix":10},"p":{"a":1,"k":[{"i":{"x":0.745,"y":0.983},"o":{"x":0.396,"y":0.256},"t":15,"s":[0,21.359,0],"to":[0,-19.741,0],"ti":[0.162,15.696,0]},{"i":{"x":0.869,"y":0.999},"o":{"x":0.31,"y":0.131},"t":27,"s":[0,-97.087,0],"to":[0.003,6.938,0],"ti":[0.162,-8.414,0]},{"t":34,"s":[0,-56.311,0]}],"ix":2},"a":{"a":0,"k":[49,25,0],"ix":1},"s":{"a":0,"k":[194.175,194.175,100],"ix":6}},"ao":0,"shapes":[{"ty":"gr","it":[{"ind":0,"ty":"sh","ix":1,"ks":{"a":0,"k":{"i":[[0,0],[0,0],[0,0]],"o":[[0,0],[0,0],[0,0]],"v":[[-39,15],[0,-15],[39,14]],"c":false},"ix":2},"nm":"Path 1","mn":"ADBE Vector Shape - Group","hd":false},{"ty":"st","c":{"a":0,"k":[0.40784313725490196,0.47058823529411764,0.6509803921568628,1],"ix":3,"x":"var $bm_rt;\nvar a;\n$bm_rt = a = thisComp.layer('Color control').effect('Global color on/off')('ADBE Checkbox Control-0001');\nif (a == 0)\n    $bm_rt = thisComp.layer('Color control').effect('Line')('ADBE Color Control-0001');\nelse\n    $bm_rt = comp('*All icons').layer('Master color').effect('Line')('ADBE Color Control-0001');"},"o":{"a":0,"k":100,"ix":4},"w":{"a":0,"k":4,"ix":5},"lc":2,"lj":2,"bm":0,"nm":"Stroke 1","mn":"ADBE Vector Graphic - Stroke","hd":false},{"ty":"tr","p":{"a":0,"k":[49,25],"ix":2},"a":{"a":0,"k":[0,0],"ix":1},"s":{"a":0,"k":[100,100],"ix":3},"r":{"a":0,"k":0,"ix":6},"o":{"a":0,"k":100,"ix":7},"sk":{"a":0,"k":0,"ix":4},"sa":{"a":0,"k":0,"ix":5},"nm":"Transform"}],"nm":"Group 1","np":2,"cix":2,"bm":0,"ix":1,"mn":"ADBE Vector Group","hd":false},{"ty":"tm","s":{"a":1,"k":[{"i":{"x":[0.667],"y":[1]},"o":{"x":[0.333],"y":[0]},"t":0,"s":[50]},{"t":11,"s":[0]}],"ix":1},"e":{"a":1,"k":[{"i":{"x":[0.667],"y":[1]},"o":{"x":[0.333],"y":[0]},"t":0,"s":[50]},{"t":11,"s":[100]}],"ix":2},"o":{"a":0,"k":1,"ix":3},"m":1,"ix":2,"nm":"Trim Paths 1","mn":"ADBE Vector Filter - Trim","hd":false}],"ip":0,"op":610,"st":0,"bm":0},{"ddd":0,"ind":4,"ty":4,"nm":"Line","parent":3,"sr":1,"ks":{"o":{"a":0,"k":100,"ix":11},"r":{"a":0,"k":0,"ix":10},"p":{"a":0,"k":[49.5,42,0],"ix":2},"a":{"a":0,"k":[44.5,14,0],"ix":1},"s":{"a":0,"k":[100,100,100],"ix":6}},"ao":0,"shapes":[{"ty":"gr","it":[{"ind":0,"ty":"sh","ix":1,"ks":{"a":0,"k":{"i":[[0,0],[0,0],[0,0],[0,0]],"o":[[0,0],[0,0],[0,0],[0,0]],"v":[[34.5,-4],[34.5,4],[-34.5,4],[-34.5,-4]],"c":false},"ix":2},"nm":"Path 1","mn":"ADBE Vector Shape - Group","hd":false},{"ty":"st","c":{"a":0,"k":[0.40784313725490196,0.47058823529411764,0.6509803921568628,1],"ix":3,"x":"var $bm_rt;\nvar a;\n$bm_rt = a = thisComp.layer('Color control').effect('Global color on/off')('ADBE Checkbox Control-0001');\nif (a == 0)\n    $bm_rt = thisComp.layer('Color control').effect('Line')('ADBE Color Control-0001');\nelse\n    $bm_rt = comp('*All icons').layer('Master color').effect('Line')('ADBE Color Control-0001');"},"o":{"a":0,"k":100,"ix":4},"w":{"a":0,"k":4,"ix":5},"lc":2,"lj":2,"bm":0,"nm":"Stroke 1","mn":"ADBE Vector Graphic - Stroke","hd":false},{"ty":"tr","p":{"a":0,"k":[44.5,14],"ix":2},"a":{"a":0,"k":[0,0],"ix":1},"s":{"a":0,"k":[100,100],"ix":3},"r":{"a":0,"k":0,"ix":6},"o":{"a":0,"k":100,"ix":7},"sk":{"a":0,"k":0,"ix":4},"sa":{"a":0,"k":0,"ix":5},"nm":"Transform"}],"nm":"Group 1","np":2,"cix":2,"bm":0,"ix":1,"mn":"ADBE Vector Group","hd":false},{"ty":"tm","s":{"a":1,"k":[{"i":{"x":[0.667],"y":[1]},"o":{"x":[0.333],"y":[0]},"t":19,"s":[50]},{"t":36,"s":[0]}],"ix":1},"e":{"a":1,"k":[{"i":{"x":[0.667],"y":[1]},"o":{"x":[0.333],"y":[0]},"t":19,"s":[50]},{"t":36,"s":[100]}],"ix":2},"o":{"a":0,"k":0,"ix":3},"m":1,"ix":2,"nm":"Trim Paths 1","mn":"ADBE Vector Filter - Trim","hd":false}],"ip":0,"op":610,"st":0,"bm":0},{"ddd":0,"ind":5,"ty":4,"nm":"Line","parent":3,"sr":1,"ks":{"o":{"a":0,"k":100,"ix":11},"r":{"a":0,"k":0,"ix":10},"p":{"a":0,"k":[49,34,0],"ix":2},"a":{"a":0,"k":[15,15,0],"ix":1},"s":{"a":1,"k":[{"i":{"x":[0.667,0.667,0.667],"y":[1,1,1]},"o":{"x":[0.493,0.493,0.333],"y":[0,0,0]},"t":2,"s":[0,0,100]},{"i":{"x":[0.316,0.316,0.667],"y":[1,1,1]},"o":{"x":[0.417,0.417,0.333],"y":[0,0,0]},"t":9,"s":[121.496,121.496,100]},{"t":14,"s":[100,100,100]}],"ix":6}},"ao":0,"shapes":[{"ty":"gr","it":[{"ind":0,"ty":"sh","ix":1,"ks":{"a":0,"k":{"i":[[0,-2.761],[2.761,0],[0,2.761],[-2.761,0]],"o":[[0,2.761],[-2.761,0],[0,-2.761],[2.761,0]],"v":[[5,0],[0,5],[-5,0],[0,-5]],"c":true},"ix":2},"nm":"Path 1","mn":"ADBE Vector Shape - Group","hd":false},{"ty":"st","c":{"a":0,"k":[0.40784313725490196,0.47058823529411764,0.6509803921568628,1],"ix":3,"x":"var $bm_rt;\nvar a;\n$bm_rt = a = thisComp.layer('Color control').effect('Global color on/off')('ADBE Checkbox Control-0001');\nif (a == 0)\n    $bm_rt = thisComp.layer('Color control').effect('Line')('ADBE Color Control-0001');\nelse\n    $bm_rt = comp('*All icons').layer('Master color').effect('Line')('ADBE Color Control-0001');"},"o":{"a":0,"k":100,"ix":4},"w":{"a":0,"k":4,"ix":5},"lc":2,"lj":2,"bm":0,"nm":"Stroke 1","mn":"ADBE Vector Graphic - Stroke","hd":false},{"ty":"tr","p":{"a":0,"k":[15,15],"ix":2},"a":{"a":0,"k":[0,0],"ix":1},"s":{"a":0,"k":[100,100],"ix":3},"r":{"a":0,"k":0,"ix":6},"o":{"a":0,"k":100,"ix":7},"sk":{"a":0,"k":0,"ix":4},"sa":{"a":0,"k":0,"ix":5},"nm":"Transform"}],"nm":"Group 1","np":2,"cix":2,"bm":0,"ix":1,"mn":"ADBE Vector Group","hd":false}],"ip":0,"op":610,"st":0,"bm":0},{"ddd":0,"ind":6,"ty":4,"nm":"Line","parent":3,"sr":1,"ks":{"o":{"a":0,"k":100,"ix":11},"r":{"a":0,"k":0,"ix":10},"p":{"a":0,"k":[49.5,28.923,0],"ix":2},"a":{"a":0,"k":[29.5,14.077,0],"ix":1},"s":{"a":0,"k":[100,100,100],"ix":6}},"ao":0,"shapes":[{"ty":"gr","it":[{"ind":0,"ty":"sh","ix":1,"ks":{"a":0,"k":{"i":[[0,0],[0,0],[0,0]],"o":[[0,0],[0,0],[0,0]],"v":[[-24.5,9.077],[-0.5,-9.077],[24.5,9.077]],"c":false},"ix":2},"nm":"Path 1","mn":"ADBE Vector Shape - Group","hd":false},{"ty":"st","c":{"a":0,"k":[0.40784313725490196,0.47058823529411764,0.6509803921568628,1],"ix":3,"x":"var $bm_rt;\nvar a;\n$bm_rt = a = thisComp.layer('Color control').effect('Global color on/off')('ADBE Checkbox Control-0001');\nif (a == 0)\n    $bm_rt = thisComp.layer('Color control').effect('Line')('ADBE Color Control-0001');\nelse\n    $bm_rt = comp('*All icons').layer('Master color').effect('Line')('ADBE Color Control-0001');"},"o":{"a":0,"k":100,"ix":4},"w":{"a":0,"k":2,"ix":5},"lc":2,"lj":2,"bm":0,"nm":"Stroke 1","mn":"ADBE Vector Graphic - Stroke","hd":false},{"ty":"tr","p":{"a":0,"k":[29.5,14.077],"ix":2},"a":{"a":0,"k":[0,0],"ix":1},"s":{"a":0,"k":[100,100],"ix":3},"r":{"a":0,"k":0,"ix":6},"o":{"a":0,"k":100,"ix":7},"sk":{"a":0,"k":0,"ix":4},"sa":{"a":0,"k":0,"ix":5},"nm":"Transform"}],"nm":"Group 1","np":2,"cix":2,"bm":0,"ix":1,"mn":"ADBE Vector Group","hd":false},{"ty":"tm","s":{"a":1,"k":[{"i":{"x":[0.667],"y":[1]},"o":{"x":[0.333],"y":[0]},"t":1,"s":[47]},{"t":11,"s":[100]}],"ix":1},"e":{"a":1,"k":[{"i":{"x":[0.667],"y":[1]},"o":{"x":[0.333],"y":[0]},"t":1,"s":[47]},{"t":11,"s":[0]}],"ix":2},"o":{"a":0,"k":-172,"ix":3},"m":1,"ix":2,"nm":"Trim Paths 1","mn":"ADBE Vector Filter - Trim","hd":false}],"ip":0,"op":610,"st":0,"bm":0},{"ddd":0,"ind":7,"ty":4,"nm":"Line","parent":2,"sr":1,"ks":{"o":{"a":0,"k":100,"ix":11},"r":{"a":0,"k":0,"ix":10},"p":{"a":0,"k":[9.709,33.981,0],"ix":2},"a":{"a":0,"k":[5,7.5,0],"ix":1},"s":{"a":0,"k":[194.175,194.175,100],"ix":6}},"ao":0,"shapes":[{"ty":"gr","it":[{"ind":0,"ty":"sh","ix":1,"ks":{"a":0,"k":{"i":[[0,0],[0,0]],"o":[[0,0],[0,0]],"v":[[5,5],[5,10]],"c":false},"ix":2},"nm":"Path 1","mn":"ADBE Vector Shape - Group","hd":false},{"ty":"st","c":{"a":0,"k":[0.40784313725490196,0.47058823529411764,0.6509803921568628,1],"ix":3,"x":"var $bm_rt;\nvar a;\n$bm_rt = a = thisComp.layer('Color control').effect('Global color on/off')('ADBE Checkbox Control-0001');\nif (a == 0)\n    $bm_rt = thisComp.layer('Color control').effect('Line')('ADBE Color Control-0001');\nelse\n    $bm_rt = comp('*All icons').layer('Master color').effect('Line')('ADBE Color Control-0001');"},"o":{"a":0,"k":100,"ix":4},"w":{"a":0,"k":2,"ix":5},"lc":2,"lj":2,"bm":0,"nm":"Stroke 1","mn":"ADBE Vector Graphic - Stroke","hd":false},{"ty":"tr","p":{"a":0,"k":[0,0],"ix":2},"a":{"a":0,"k":[0,0],"ix":1},"s":{"a":0,"k":[100,100],"ix":3},"r":{"a":0,"k":0,"ix":6},"o":{"a":0,"k":100,"ix":7},"sk":{"a":0,"k":0,"ix":4},"sa":{"a":0,"k":0,"ix":5},"nm":"Transform"}],"nm":"Group 1","np":2,"cix":2,"bm":0,"ix":1,"mn":"ADBE Vector Group","hd":false},{"ty":"tm","s":{"a":0,"k":0,"ix":1},"e":{"a":1,"k":[{"i":{"x":[0.667],"y":[1]},"o":{"x":[0.333],"y":[0]},"t":25,"s":[0]},{"t":32,"s":[100]}],"ix":2},"o":{"a":0,"k":0,"ix":3},"m":1,"ix":2,"nm":"Trim Paths 1","mn":"ADBE Vector Filter - Trim","hd":false}],"ip":0,"op":610,"st":0,"bm":0},{"ddd":0,"ind":8,"ty":4,"nm":"Line","parent":2,"sr":1,"ks":{"o":{"a":0,"k":100,"ix":11},"r":{"a":0,"k":0,"ix":10},"p":{"a":0,"k":[-5.825,33.981,0],"ix":2},"a":{"a":0,"k":[5,7.5,0],"ix":1},"s":{"a":0,"k":[194.175,194.175,100],"ix":6}},"ao":0,"shapes":[{"ty":"gr","it":[{"ind":0,"ty":"sh","ix":1,"ks":{"a":0,"k":{"i":[[0,0],[0,0]],"o":[[0,0],[0,0]],"v":[[5,5],[5,10]],"c":false},"ix":2},"nm":"Path 1","mn":"ADBE Vector Shape - Group","hd":false},{"ty":"st","c":{"a":0,"k":[0.40784313725490196,0.47058823529411764,0.6509803921568628,1],"ix":3,"x":"var $bm_rt;\nvar a;\n$bm_rt = a = thisComp.layer('Color control').effect('Global color on/off')('ADBE Checkbox Control-0001');\nif (a == 0)\n    $bm_rt = thisComp.layer('Color control').effect('Line')('ADBE Color Control-0001');\nelse\n    $bm_rt = comp('*All icons').layer('Master color').effect('Line')('ADBE Color Control-0001');"},"o":{"a":0,"k":100,"ix":4},"w":{"a":0,"k":2,"ix":5},"lc":2,"lj":2,"bm":0,"nm":"Stroke 1","mn":"ADBE Vector Graphic - Stroke","hd":false},{"ty":"tr","p":{"a":0,"k":[0,0],"ix":2},"a":{"a":0,"k":[0,0],"ix":1},"s":{"a":0,"k":[100,100],"ix":3},"r":{"a":0,"k":0,"ix":6},"o":{"a":0,"k":100,"ix":7},"sk":{"a":0,"k":0,"ix":4},"sa":{"a":0,"k":0,"ix":5},"nm":"Transform"}],"nm":"Group 1","np":2,"cix":2,"bm":0,"ix":1,"mn":"ADBE Vector Group","hd":false},{"ty":"tm","s":{"a":0,"k":0,"ix":1},"e":{"a":1,"k":[{"i":{"x":[0.667],"y":[1]},"o":{"x":[0.333],"y":[0]},"t":25,"s":[0]},{"t":32,"s":[100]}],"ix":2},"o":{"a":0,"k":0,"ix":3},"m":1,"ix":2,"nm":"Trim Paths 1","mn":"ADBE Vector Filter - Trim","hd":false}],"ip":0,"op":610,"st":0,"bm":0},{"ddd":0,"ind":9,"ty":4,"nm":"Line","parent":2,"sr":1,"ks":{"o":{"a":0,"k":100,"ix":11},"r":{"a":0,"k":0,"ix":10},"p":{"a":0,"k":[1.942,32.039,0],"ix":2},"a":{"a":0,"k":[5,18.5,0],"ix":1},"s":{"a":0,"k":[194.175,194.175,100],"ix":6}},"ao":0,"shapes":[{"ty":"gr","it":[{"ind":0,"ty":"sh","ix":1,"ks":{"a":0,"k":{"i":[[0,0],[0,0]],"o":[[0,0],[0,0]],"v":[[5,5],[5,32]],"c":false},"ix":2},"nm":"Path 1","mn":"ADBE Vector Shape - Group","hd":false},{"ty":"st","c":{"a":0,"k":[0.40784313725490196,0.47058823529411764,0.6509803921568628,1],"ix":3,"x":"var $bm_rt;\nvar a;\n$bm_rt = a = thisComp.layer('Color control').effect('Global color on/off')('ADBE Checkbox Control-0001');\nif (a == 0)\n    $bm_rt = thisComp.layer('Color control').effect('Line')('ADBE Color Control-0001');\nelse\n    $bm_rt = comp('*All icons').layer('Master color').effect('Line')('ADBE Color Control-0001');"},"o":{"a":0,"k":100,"ix":4},"w":{"a":0,"k":2,"ix":5},"lc":2,"lj":2,"bm":0,"nm":"Stroke 1","mn":"ADBE Vector Graphic - Stroke","hd":false},{"ty":"tr","p":{"a":0,"k":[0,0],"ix":2},"a":{"a":0,"k":[0,0],"ix":1},"s":{"a":0,"k":[100,100],"ix":3},"r":{"a":0,"k":0,"ix":6},"o":{"a":0,"k":100,"ix":7},"sk":{"a":0,"k":0,"ix":4},"sa":{"a":0,"k":0,"ix":5},"nm":"Transform"}],"nm":"Group 1","np":2,"cix":2,"bm":0,"ix":1,"mn":"ADBE Vector Group","hd":false},{"ty":"tm","s":{"a":0,"k":0,"ix":1},"e":{"a":1,"k":[{"i":{"x":[0.667],"y":[1]},"o":{"x":[0.333],"y":[0]},"t":28,"s":[0]},{"t":35,"s":[100]}],"ix":2},"o":{"a":0,"k":0,"ix":3},"m":1,"ix":2,"nm":"Trim Paths 1","mn":"ADBE Vector Filter - Trim","hd":false}],"ip":0,"op":610,"st":0,"bm":0},{"ddd":0,"ind":10,"ty":4,"nm":"Line","parent":2,"sr":1,"ks":{"o":{"a":0,"k":100,"ix":11},"r":{"a":0,"k":0,"ix":10},"p":{"a":0,"k":[1.942,33.01,0],"ix":2},"a":{"a":0,"k":[15,19,0],"ix":1},"s":{"a":0,"k":[194.175,194.175,100],"ix":6}},"ao":0,"shapes":[{"ty":"gr","it":[{"ind":0,"ty":"sh","ix":1,"ks":{"a":0,"k":{"i":[[0,0],[0,0],[0,0],[0,0]],"o":[[0,0],[0,0],[0,0],[0,0]],"v":[[10,14],[-10,14],[-10,-14],[10,-14]],"c":true},"ix":2},"nm":"Path 1","mn":"ADBE Vector Shape - Group","hd":false},{"ty":"st","c":{"a":0,"k":[0.40784313725490196,0.47058823529411764,0.6509803921568628,1],"ix":3,"x":"var $bm_rt;\nvar a;\n$bm_rt = a = thisComp.layer('Color control').effect('Global color on/off')('ADBE Checkbox Control-0001');\nif (a == 0)\n    $bm_rt = thisComp.layer('Color control').effect('Line')('ADBE Color Control-0001');\nelse\n    $bm_rt = comp('*All icons').layer('Master color').effect('Line')('ADBE Color Control-0001');"},"o":{"a":0,"k":100,"ix":4},"w":{"a":0,"k":2,"ix":5},"lc":2,"lj":2,"bm":0,"nm":"Stroke 1","mn":"ADBE Vector Graphic - Stroke","hd":false},{"ty":"tr","p":{"a":0,"k":[15,19],"ix":2},"a":{"a":0,"k":[0,0],"ix":1},"s":{"a":0,"k":[100,100],"ix":3},"r":{"a":0,"k":0,"ix":6},"o":{"a":0,"k":100,"ix":7},"sk":{"a":0,"k":0,"ix":4},"sa":{"a":0,"k":0,"ix":5},"nm":"Transform"}],"nm":"Group 1","np":2,"cix":2,"bm":0,"ix":1,"mn":"ADBE Vector Group","hd":false},{"ty":"tm","s":{"a":1,"k":[{"i":{"x":[0.667],"y":[1]},"o":{"x":[0.333],"y":[0]},"t":16,"s":[50]},{"t":31,"s":[100]}],"ix":1},"e":{"a":1,"k":[{"i":{"x":[0.667],"y":[1]},"o":{"x":[0.333],"y":[0]},"t":16,"s":[50]},{"t":31,"s":[0]}],"ix":2},"o":{"a":0,"k":-143,"ix":3},"m":1,"ix":2,"nm":"Trim Paths 1","mn":"ADBE Vector Filter - Trim","hd":false}],"ip":0,"op":610,"st":0,"bm":0},{"ddd":0,"ind":11,"ty":4,"nm":"Line","parent":2,"sr":1,"ks":{"o":{"a":0,"k":100,"ix":11},"r":{"a":0,"k":0,"ix":10},"p":{"a":0,"k":[-41.748,60.194,0],"ix":2},"a":{"a":0,"k":[9.5,38,0],"ix":1},"s":{"a":1,"k":[{"i":{"x":[0.667,0.667,0.667],"y":[1,1,1]},"o":{"x":[0.333,0.333,0.333],"y":[0,0,0]},"t":15,"s":[194.175,0,100]},{"i":{"x":[0.667,0.667,0.667],"y":[1,1,1]},"o":{"x":[0.333,0.333,0.333],"y":[0,0,0]},"t":25,"s":[194.175,267.314,100]},{"t":30,"s":[194.175,194.175,100]}],"ix":6}},"ao":0,"shapes":[{"ty":"gr","it":[{"ind":0,"ty":"sh","ix":1,"ks":{"a":0,"k":{"i":[[0,0],[0,0],[0,0],[0,0]],"o":[[0,0],[0,0],[0,0],[0,0]],"v":[[4.5,14],[-4.5,14],[-4.5,-14],[4.5,-14]],"c":true},"ix":2},"nm":"Path 1","mn":"ADBE Vector Shape - Group","hd":false},{"ty":"st","c":{"a":0,"k":[0.40784313725490196,0.47058823529411764,0.6509803921568628,1],"ix":3,"x":"var $bm_rt;\nvar a;\n$bm_rt = a = thisComp.layer('Color control').effect('Global color on/off')('ADBE Checkbox Control-0001');\nif (a == 0)\n    $bm_rt = thisComp.layer('Color control').effect('Line')('ADBE Color Control-0001');\nelse\n    $bm_rt = comp('*All icons').layer('Master color').effect('Line')('ADBE Color Control-0001');"},"o":{"a":0,"k":100,"ix":4},"w":{"a":0,"k":2,"ix":5},"lc":2,"lj":2,"bm":0,"nm":"Stroke 1","mn":"ADBE Vector Graphic - Stroke","hd":false},{"ty":"tr","p":{"a":0,"k":[9.5,19],"ix":2},"a":{"a":0,"k":[0,0],"ix":1},"s":{"a":0,"k":[100,100],"ix":3},"r":{"a":0,"k":0,"ix":6},"o":{"a":0,"k":100,"ix":7},"sk":{"a":0,"k":0,"ix":4},"sa":{"a":0,"k":0,"ix":5},"nm":"Transform"}],"nm":"Group 1","np":2,"cix":2,"bm":0,"ix":1,"mn":"ADBE Vector Group","hd":false}],"ip":0,"op":610,"st":0,"bm":0},{"ddd":0,"ind":12,"ty":4,"nm":"Line","parent":11,"sr":1,"ks":{"o":{"a":0,"k":100,"ix":11},"r":{"a":0,"k":0,"ix":10},"p":{"a":0,"k":[9.5,35.5,0],"ix":2},"a":{"a":0,"k":[12.5,7.5,0],"ix":1},"s":{"a":0,"k":[100,100,100],"ix":6}},"ao":0,"shapes":[{"ty":"gr","it":[{"ind":0,"ty":"sh","ix":1,"ks":{"a":0,"k":{"i":[[0,0],[0,0],[0,0],[0,0]],"o":[[0,0],[0,0],[0,0],[0,0]],"v":[[7.5,2.5],[-7.5,2.5],[-7.5,-2.5],[7.5,-2.5]],"c":true},"ix":2},"nm":"Path 1","mn":"ADBE Vector Shape - Group","hd":false},{"ty":"st","c":{"a":0,"k":[0.40784313725490196,0.47058823529411764,0.6509803921568628,1],"ix":3,"x":"var $bm_rt;\nvar a;\n$bm_rt = a = thisComp.layer('Color control').effect('Global color on/off')('ADBE Checkbox Control-0001');\nif (a == 0)\n    $bm_rt = thisComp.layer('Color control').effect('Line')('ADBE Color Control-0001');\nelse\n    $bm_rt = comp('*All icons').layer('Master color').effect('Line')('ADBE Color Control-0001');"},"o":{"a":0,"k":100,"ix":4},"w":{"a":0,"k":2,"ix":5},"lc":2,"lj":2,"bm":0,"nm":"Stroke 1","mn":"ADBE Vector Graphic - Stroke","hd":false},{"ty":"tr","p":{"a":0,"k":[12.5,7.5],"ix":2},"a":{"a":0,"k":[0,0],"ix":1},"s":{"a":0,"k":[100,100],"ix":3},"r":{"a":0,"k":0,"ix":6},"o":{"a":0,"k":100,"ix":7},"sk":{"a":0,"k":0,"ix":4},"sa":{"a":0,"k":0,"ix":5},"nm":"Transform"}],"nm":"Group 1","np":2,"cix":2,"bm":0,"ix":1,"mn":"ADBE Vector Group","hd":false}],"ip":0,"op":610,"st":0,"bm":0},{"ddd":0,"ind":13,"ty":4,"nm":"Line","parent":11,"sr":1,"ks":{"o":{"a":0,"k":100,"ix":11},"r":{"a":0,"k":0,"ix":10},"p":{"a":0,"k":[9.5,2.5,0],"ix":2},"a":{"a":0,"k":[12.5,7.5,0],"ix":1},"s":{"a":0,"k":[100,100,100],"ix":6}},"ao":0,"shapes":[{"ty":"gr","it":[{"ind":0,"ty":"sh","ix":1,"ks":{"a":0,"k":{"i":[[0,0],[0,0],[0,0],[0,0]],"o":[[0,0],[0,0],[0,0],[0,0]],"v":[[7.5,2.5],[-7.5,2.5],[-7.5,-2.5],[7.5,-2.5]],"c":true},"ix":2},"nm":"Path 1","mn":"ADBE Vector Shape - Group","hd":false},{"ty":"st","c":{"a":0,"k":[0.40784313725490196,0.47058823529411764,0.6509803921568628,1],"ix":3,"x":"var $bm_rt;\nvar a;\n$bm_rt = a = thisComp.layer('Color control').effect('Global color on/off')('ADBE Checkbox Control-0001');\nif (a == 0)\n    $bm_rt = thisComp.layer('Color control').effect('Line')('ADBE Color Control-0001');\nelse\n    $bm_rt = comp('*All icons').layer('Master color').effect('Line')('ADBE Color Control-0001');"},"o":{"a":0,"k":100,"ix":4},"w":{"a":0,"k":2,"ix":5},"lc":2,"lj":2,"bm":0,"nm":"Stroke 1","mn":"ADBE Vector Graphic - Stroke","hd":false},{"ty":"tr","p":{"a":0,"k":[12.5,7.5],"ix":2},"a":{"a":0,"k":[0,0],"ix":1},"s":{"a":0,"k":[100,100],"ix":3},"r":{"a":0,"k":0,"ix":6},"o":{"a":0,"k":100,"ix":7},"sk":{"a":0,"k":0,"ix":4},"sa":{"a":0,"k":0,"ix":5},"nm":"Transform"}],"nm":"Group 1","np":2,"cix":2,"bm":0,"ix":1,"mn":"ADBE Vector Group","hd":false}],"ip":0,"op":610,"st":0,"bm":0},{"ddd":0,"ind":14,"ty":4,"nm":"Line","parent":2,"sr":1,"ks":{"o":{"a":0,"k":100,"ix":11},"r":{"a":0,"k":0,"ix":10},"p":{"a":0,"k":[45.874,60.194,0],"ix":2},"a":{"a":0,"k":[9.625,38,0],"ix":1},"s":{"a":1,"k":[{"i":{"x":[0.667,0.667,0.667],"y":[1,1,1]},"o":{"x":[0.333,0.333,0.333],"y":[0,0,0]},"t":15,"s":[194.175,0,100]},{"i":{"x":[0.667,0.667,0.667],"y":[1,1,1]},"o":{"x":[0.333,0.333,0.333],"y":[0,0,0]},"t":25,"s":[194.175,267.314,100]},{"t":30,"s":[194.175,194.175,100]}],"ix":6}},"ao":0,"shapes":[{"ty":"gr","it":[{"ind":0,"ty":"sh","ix":1,"ks":{"a":0,"k":{"i":[[0,0],[0,0],[0,0],[0,0]],"o":[[0,0],[0,0],[0,0],[0,0]],"v":[[4.5,14],[-4.5,14],[-4.5,-14],[4.5,-14]],"c":true},"ix":2},"nm":"Path 1","mn":"ADBE Vector Shape - Group","hd":false},{"ty":"st","c":{"a":0,"k":[0.40784313725490196,0.47058823529411764,0.6509803921568628,1],"ix":3,"x":"var $bm_rt;\nvar a;\n$bm_rt = a = thisComp.layer('Color control').effect('Global color on/off')('ADBE Checkbox Control-0001');\nif (a == 0)\n    $bm_rt = thisComp.layer('Color control').effect('Line')('ADBE Color Control-0001');\nelse\n    $bm_rt = comp('*All icons').layer('Master color').effect('Line')('ADBE Color Control-0001');"},"o":{"a":0,"k":100,"ix":4},"w":{"a":0,"k":2,"ix":5},"lc":2,"lj":2,"bm":0,"nm":"Stroke 1","mn":"ADBE Vector Graphic - Stroke","hd":false},{"ty":"tr","p":{"a":0,"k":[9.5,19],"ix":2},"a":{"a":0,"k":[0,0],"ix":1},"s":{"a":0,"k":[100,100],"ix":3},"r":{"a":0,"k":0,"ix":6},"o":{"a":0,"k":100,"ix":7},"sk":{"a":0,"k":0,"ix":4},"sa":{"a":0,"k":0,"ix":5},"nm":"Transform"}],"nm":"Group 1","np":2,"cix":2,"bm":0,"ix":1,"mn":"ADBE Vector Group","hd":false}],"ip":0,"op":610,"st":0,"bm":0},{"ddd":0,"ind":15,"ty":4,"nm":"Line","parent":14,"sr":1,"ks":{"o":{"a":0,"k":100,"ix":11},"r":{"a":0,"k":0,"ix":10},"p":{"a":0,"k":[9.5,35.5,0],"ix":2},"a":{"a":0,"k":[12.5,7.5,0],"ix":1},"s":{"a":0,"k":[100,100,100],"ix":6}},"ao":0,"shapes":[{"ty":"gr","it":[{"ind":0,"ty":"sh","ix":1,"ks":{"a":0,"k":{"i":[[0,0],[0,0],[0,0],[0,0]],"o":[[0,0],[0,0],[0,0],[0,0]],"v":[[7.5,2.5],[-7.5,2.5],[-7.5,-2.5],[7.5,-2.5]],"c":true},"ix":2},"nm":"Path 1","mn":"ADBE Vector Shape - Group","hd":false},{"ty":"st","c":{"a":0,"k":[0.40784313725490196,0.47058823529411764,0.6509803921568628,1],"ix":3,"x":"var $bm_rt;\nvar a;\n$bm_rt = a = thisComp.layer('Color control').effect('Global color on/off')('ADBE Checkbox Control-0001');\nif (a == 0)\n    $bm_rt = thisComp.layer('Color control').effect('Line')('ADBE Color Control-0001');\nelse\n    $bm_rt = comp('*All icons').layer('Master color').effect('Line')('ADBE Color Control-0001');"},"o":{"a":0,"k":100,"ix":4},"w":{"a":0,"k":2,"ix":5},"lc":2,"lj":2,"bm":0,"nm":"Stroke 1","mn":"ADBE Vector Graphic - Stroke","hd":false},{"ty":"tr","p":{"a":0,"k":[12.5,7.5],"ix":2},"a":{"a":0,"k":[0,0],"ix":1},"s":{"a":0,"k":[100,100],"ix":3},"r":{"a":0,"k":0,"ix":6},"o":{"a":0,"k":100,"ix":7},"sk":{"a":0,"k":0,"ix":4},"sa":{"a":0,"k":0,"ix":5},"nm":"Transform"}],"nm":"Group 1","np":2,"cix":2,"bm":0,"ix":1,"mn":"ADBE Vector Group","hd":false}],"ip":0,"op":610,"st":0,"bm":0},{"ddd":0,"ind":16,"ty":4,"nm":"Line","parent":14,"sr":1,"ks":{"o":{"a":0,"k":100,"ix":11},"r":{"a":0,"k":0,"ix":10},"p":{"a":0,"k":[9.5,2.5,0],"ix":2},"a":{"a":0,"k":[12.5,7.5,0],"ix":1},"s":{"a":0,"k":[100,100,100],"ix":6}},"ao":0,"shapes":[{"ty":"gr","it":[{"ind":0,"ty":"sh","ix":1,"ks":{"a":0,"k":{"i":[[0,0],[0,0],[0,0],[0,0]],"o":[[0,0],[0,0],[0,0],[0,0]],"v":[[7.5,2.5],[-7.5,2.5],[-7.5,-2.5],[7.5,-2.5]],"c":true},"ix":2},"nm":"Path 1","mn":"ADBE Vector Shape - Group","hd":false},{"ty":"st","c":{"a":0,"k":[0.40784313725490196,0.47058823529411764,0.6509803921568628,1],"ix":3,"x":"var $bm_rt;\nvar a;\n$bm_rt = a = thisComp.layer('Color control').effect('Global color on/off')('ADBE Checkbox Control-0001');\nif (a == 0)\n    $bm_rt = thisComp.layer('Color control').effect('Line')('ADBE Color Control-0001');\nelse\n    $bm_rt = comp('*All icons').layer('Master color').effect('Line')('ADBE Color Control-0001');"},"o":{"a":0,"k":100,"ix":4},"w":{"a":0,"k":2,"ix":5},"lc":2,"lj":2,"bm":0,"nm":"Stroke 1","mn":"ADBE Vector Graphic - Stroke","hd":false},{"ty":"tr","p":{"a":0,"k":[12.5,7.5],"ix":2},"a":{"a":0,"k":[0,0],"ix":1},"s":{"a":0,"k":[100,100],"ix":3},"r":{"a":0,"k":0,"ix":6},"o":{"a":0,"k":100,"ix":7},"sk":{"a":0,"k":0,"ix":4},"sa":{"a":0,"k":0,"ix":5},"nm":"Transform"}],"nm":"Group 1","np":2,"cix":2,"bm":0,"ix":1,"mn":"ADBE Vector Group","hd":false}],"ip":0,"op":610,"st":0,"bm":0},{"ddd":0,"ind":17,"ty":4,"nm":"Line","parent":2,"sr":1,"ks":{"o":{"a":0,"k":100,"ix":11},"r":{"a":0,"k":0,"ix":10},"p":{"a":0,"k":[0.971,79.612,0],"ix":2},"a":{"a":0,"k":[48.5,14,0],"ix":1},"s":{"a":0,"k":[194.175,194.175,100],"ix":6}},"ao":0,"shapes":[{"ty":"gr","it":[{"ind":0,"ty":"sh","ix":1,"ks":{"a":0,"k":{"i":[[0,0],[0,0],[0,0],[0,0]],"o":[[0,0],[0,0],[0,0],[0,0]],"v":[[38.5,4],[-38.5,4],[-38.5,-4],[38.5,-4]],"c":true},"ix":2},"nm":"Path 1","mn":"ADBE Vector Shape - Group","hd":false},{"ty":"st","c":{"a":0,"k":[0.40784313725490196,0.47058823529411764,0.6509803921568628,1],"ix":3,"x":"var $bm_rt;\nvar a;\n$bm_rt = a = thisComp.layer('Color control').effect('Global color on/off')('ADBE Checkbox Control-0001');\nif (a == 0)\n    $bm_rt = thisComp.layer('Color control').effect('Line')('ADBE Color Control-0001');\nelse\n    $bm_rt = comp('*All icons').layer('Master color').effect('Line')('ADBE Color Control-0001');"},"o":{"a":0,"k":100,"ix":4},"w":{"a":0,"k":4,"ix":5},"lc":2,"lj":2,"bm":0,"nm":"Stroke 1","mn":"ADBE Vector Graphic - Stroke","hd":false},{"ty":"tr","p":{"a":0,"k":[48.5,14],"ix":2},"a":{"a":0,"k":[0,0],"ix":1},"s":{"a":0,"k":[100,100],"ix":3},"r":{"a":0,"k":0,"ix":6},"o":{"a":0,"k":100,"ix":7},"sk":{"a":0,"k":0,"ix":4},"sa":{"a":0,"k":0,"ix":5},"nm":"Transform"}],"nm":"Group 1","np":2,"cix":2,"bm":0,"ix":1,"mn":"ADBE Vector Group","hd":false},{"ty":"tm","s":{"a":1,"k":[{"i":{"x":[0.667],"y":[1]},"o":{"x":[0.333],"y":[0]},"t":0,"s":[50]},{"t":11,"s":[0]}],"ix":1},"e":{"a":1,"k":[{"i":{"x":[0.667],"y":[1]},"o":{"x":[0.333],"y":[0]},"t":0,"s":[50]},{"t":11,"s":[100]}],"ix":2},"o":{"a":0,"k":82,"ix":3},"m":1,"ix":2,"nm":"Trim Paths 1","mn":"ADBE Vector Filter - Trim","hd":false}],"ip":0,"op":610,"st":0,"bm":0},{"ddd":0,"ind":18,"ty":4,"nm":"Line","parent":2,"sr":1,"ks":{"o":{"a":1,"k":[{"i":{"x":[0.833],"y":[0.833]},"o":{"x":[0.167],"y":[0.167]},"t":7,"s":[0]},{"t":8,"s":[100]}],"ix":11},"r":{"a":0,"k":0,"ix":10},"p":{"a":0,"k":[0.971,66.019,0],"ix":2},"a":{"a":0,"k":[39.5,8,0],"ix":1},"s":{"a":0,"k":[194.175,194.175,100],"ix":6}},"ao":0,"shapes":[{"ty":"gr","it":[{"ind":0,"ty":"sh","ix":1,"ks":{"a":0,"k":{"i":[[0,0],[0,0],[0,0],[0,0]],"o":[[0,0],[0,0],[0,0],[0,0]],"v":[[34.5,3],[-34.5,3],[-34.5,-3],[34.5,-3]],"c":true},"ix":2},"nm":"Path 1","mn":"ADBE Vector Shape - Group","hd":false},{"ty":"st","c":{"a":0,"k":[0.40784313725490196,0.47058823529411764,0.6509803921568628,1],"ix":3,"x":"var $bm_rt;\nvar a;\n$bm_rt = a = thisComp.layer('Color control').effect('Global color on/off')('ADBE Checkbox Control-0001');\nif (a == 0)\n    $bm_rt = thisComp.layer('Color control').effect('Line')('ADBE Color Control-0001');\nelse\n    $bm_rt = comp('*All icons').layer('Master color').effect('Line')('ADBE Color Control-0001');"},"o":{"a":0,"k":100,"ix":4},"w":{"a":0,"k":2,"ix":5},"lc":2,"lj":2,"bm":0,"nm":"Stroke 1","mn":"ADBE Vector Graphic - Stroke","hd":false},{"ty":"tr","p":{"a":0,"k":[39.5,8],"ix":2},"a":{"a":0,"k":[0,0],"ix":1},"s":{"a":0,"k":[100,100],"ix":3},"r":{"a":0,"k":0,"ix":6},"o":{"a":0,"k":100,"ix":7},"sk":{"a":0,"k":0,"ix":4},"sa":{"a":0,"k":0,"ix":5},"nm":"Transform"}],"nm":"Group 1","np":2,"cix":2,"bm":0,"ix":1,"mn":"ADBE Vector Group","hd":false},{"ty":"tm","s":{"a":0,"k":0,"ix":1},"e":{"a":1,"k":[{"i":{"x":[0.667],"y":[1]},"o":{"x":[0.333],"y":[0]},"t":8,"s":[46]},{"t":20,"s":[100]}],"ix":2},"o":{"a":0,"k":0,"ix":3},"m":1,"ix":2,"nm":"Trim Paths 1","mn":"ADBE Vector Filter - Trim","hd":false}],"ip":0,"op":610,"st":0,"bm":0},{"ddd":0,"ind":19,"ty":4,"nm":"Back 3","parent":2,"sr":1,"ks":{"o":{"a":0,"k":100,"ix":11},"r":{"a":0,"k":0,"ix":10},"p":{"a":0,"k":[3.157,-17.476,0],"ix":2},"a":{"a":0,"k":[11.624,17.25,0],"ix":1},"s":{"a":1,"k":[{"i":{"x":[0.753,0.753,0.667],"y":[1,1,1]},"o":{"x":[0.461,0.461,0.333],"y":[0,0,0]},"t":16,"s":[0,0,100]},{"i":{"x":[0.598,0.598,0.667],"y":[1,1,1]},"o":{"x":[0.402,0.402,0.333],"y":[0,0,0]},"t":28,"s":[223.301,223.301,100]},{"i":{"x":[0.542,0.542,0.667],"y":[1,1,1]},"o":{"x":[0.455,0.455,0.333],"y":[0,0,0]},"t":34,"s":[174.757,174.757,100]},{"t":39,"s":[194.175,194.175,100]}],"ix":6}},"ao":0,"shapes":[{"ty":"gr","it":[{"ind":0,"ty":"sh","ix":1,"ks":{"a":0,"k":{"i":[[17.25,5],[-9.998,-2.758]],"o":[[-18.837,-5.46],[7.25,2]],"v":[[-3.126,16.75],[-0.126,-12.75]],"c":true},"ix":2},"nm":"Path 1","mn":"ADBE Vector Shape - Group","hd":false},{"ty":"fl","c":{"a":0,"k":[0.6980392156862745,0.7647058823529411,0.8549019607843137,1],"ix":4,"x":"var $bm_rt;\nvar a;\n$bm_rt = a = thisComp.layer('Color control').effect('Global color on/off')('ADBE Checkbox Control-0001');\nif (a == 0)\n    $bm_rt = thisComp.layer('Color control').effect('Back 3')('ADBE Color Control-0001');\nelse\n    $bm_rt = comp('*All icons').layer('Master color').effect('Back 3')('ADBE Color Control-0001');"},"o":{"a":0,"k":100,"ix":5},"r":1,"bm":0,"nm":"Fill 1","mn":"ADBE Vector Graphic - Fill","hd":false},{"ty":"tr","p":{"a":0,"k":[14.124,13.75],"ix":2},"a":{"a":0,"k":[0,0],"ix":1},"s":{"a":0,"k":[100,100],"ix":3},"r":{"a":0,"k":0,"ix":6},"o":{"a":0,"k":100,"ix":7},"sk":{"a":0,"k":0,"ix":4},"sa":{"a":0,"k":0,"ix":5},"nm":"Transform"}],"nm":"Group 1","np":2,"cix":2,"bm":0,"ix":1,"mn":"ADBE Vector Group","hd":false}],"ip":0,"op":610,"st":0,"bm":0},{"ddd":0,"ind":20,"ty":4,"nm":"Back 3","parent":2,"sr":1,"ks":{"o":{"a":0,"k":100,"ix":11},"r":{"a":0,"k":0,"ix":10},"p":{"a":0,"k":[-41.064,54.322,0],"ix":2},"a":{"a":0,"k":[17.854,21.82,0],"ix":1},"s":{"a":1,"k":[{"i":{"x":[0.753,0.753,0.667],"y":[1,1,1]},"o":{"x":[0.461,0.461,0.333],"y":[0,0,0]},"t":13,"s":[0,0,100]},{"i":{"x":[0.598,0.598,0.667],"y":[1,1,1]},"o":{"x":[0.402,0.402,0.333],"y":[0,0,0]},"t":25,"s":[223.301,223.301,100]},{"i":{"x":[0.542,0.542,0.667],"y":[1,1,1]},"o":{"x":[0.455,0.455,0.333],"y":[0,0,0]},"t":31,"s":[174.757,174.757,100]},{"t":36,"s":[194.175,194.175,100]}],"ix":6}},"ao":0,"shapes":[{"ty":"gr","it":[{"ind":0,"ty":"sh","ix":1,"ks":{"a":0,"k":{"i":[[3.27,19.725],[-11.79,-28.664]],"o":[[-6.224,-37.55],[8.103,19.7]],"v":[[-13.878,1.825],[18.439,-5.811]],"c":true},"ix":2},"nm":"Path 1","mn":"ADBE Vector Shape - Group","hd":false},{"ty":"fl","c":{"a":0,"k":[0.6980392156862745,0.7647058823529411,0.8549019607843137,1],"ix":4,"x":"var $bm_rt;\nvar a;\n$bm_rt = a = thisComp.layer('Color control').effect('Global color on/off')('ADBE Checkbox Control-0001');\nif (a == 0)\n    $bm_rt = thisComp.layer('Color control').effect('Back 3')('ADBE Color Control-0001');\nelse\n    $bm_rt = comp('*All icons').layer('Master color').effect('Back 3')('ADBE Color Control-0001');"},"o":{"a":0,"k":100,"ix":5},"r":1,"bm":0,"nm":"Fill 1","mn":"ADBE Vector Graphic - Fill","hd":false},{"ty":"tr","p":{"a":0,"k":[17.854,21.82],"ix":2},"a":{"a":0,"k":[0,0],"ix":1},"s":{"a":0,"k":[100,100],"ix":3},"r":{"a":0,"k":0,"ix":6},"o":{"a":0,"k":100,"ix":7},"sk":{"a":0,"k":0,"ix":4},"sa":{"a":0,"k":0,"ix":5},"nm":"Transform"}],"nm":"Group 1","np":2,"cix":2,"bm":0,"ix":1,"mn":"ADBE Vector Group","hd":false}],"ip":0,"op":610,"st":0,"bm":0}],"markers":[]}