{"v":"5.2.1","fr":25,"ip":0,"op":124,"w":1920,"h":1080,"nm":"Comp 1","ddd":0,"assets":[{"id":"comp_0","layers":[{"ddd":0,"ind":1,"ty":5,"nm":"i","sr":1,"ks":{"o":{"a":0,"k":100,"ix":11},"r":{"a":0,"k":0,"ix":10},"p":{"a":0,"k":[958,386,0],"ix":2},"a":{"a":0,"k":[-56,-160,0],"ix":1},"s":{"a":0,"k":[100,100,100],"ix":6}},"ao":0,"t":{"d":{"k":[{"s":{"sz":[212,452],"ps":[-106,-226],"s":500,"f":"Enso","t":"i","j":0,"tr":22,"lh":600,"ls":0,"fc":[1,1,1],"sc":[1,1,1],"sw":1,"of":true},"t":0}]},"p":{},"m":{"g":1,"a":{"a":0,"k":[0,0],"ix":2}},"a":[]},"ip":0,"op":250,"st":0,"bm":0},{"ddd":0,"ind":2,"ty":4,"nm":"Shape Layer 1","sr":1,"ks":{"o":{"a":0,"k":100,"ix":11},"r":{"a":0,"k":0,"ix":10},"p":{"a":0,"k":[964,516,0],"ix":2},"a":{"a":0,"k":[4,-24,0],"ix":1},"s":{"a":0,"k":[100,100,100],"ix":6}},"ao":0,"shapes":[{"ty":"gr","it":[{"ind":0,"ty":"sh","ix":1,"ks":{"a":0,"k":{"i":[[130.287,0],[0,-130.287],[-130.287,0],[0,130.287]],"o":[[-130.287,0],[0,130.287],[130.287,0],[0,-130.287]],"v":[[0,-235.906],[-235.906,0],[0,235.906],[235.906,0]],"c":true},"ix":2},"nm":"Path 1","mn":"ADBE Vector Shape - Group","hd":false},{"ty":"st","c":{"a":0,"k":[0.38232200473,0.337700009813,0.337700009813,1],"ix":3},"o":{"a":0,"k":100,"ix":4},"w":{"a":0,"k":10,"ix":5},"lc":1,"lj":1,"ml":4,"ml2":{"a":0,"k":4,"ix":8},"nm":"Stroke 1","mn":"ADBE Vector Graphic - Stroke","hd":true},{"ty":"fl","c":{"a":0,"k":[0.360784313725,0.713725490196,0.941176470588,1],"ix":4},"o":{"a":0,"k":100,"ix":5},"r":1,"nm":"Fill 1","mn":"ADBE Vector Graphic - Fill","hd":false},{"ty":"tr","p":{"a":0,"k":[10.781,-32.812],"ix":2},"a":{"a":0,"k":[0,0],"ix":1},"s":{"a":0,"k":[107.111,107.111],"ix":3},"r":{"a":0,"k":0,"ix":6},"o":{"a":0,"k":100,"ix":7},"sk":{"a":0,"k":0,"ix":4},"sa":{"a":0,"k":0,"ix":5},"nm":"Transform"}],"nm":"Ellipse 1","np":3,"cix":2,"ix":1,"mn":"ADBE Vector Group","hd":false}],"ip":0,"op":250,"st":0,"bm":0}]}],"fonts":{"list":[{"fName":"Enso","fFamily":"Enso","fStyle":"","ascent":70.9996948242188}]},"layers":[{"ddd":0,"ind":1,"ty":4,"nm":"Shape Layer 3","parent":5,"sr":1,"ks":{"o":{"a":0,"k":100,"ix":11},"r":{"a":0,"k":0,"ix":10},"p":{"a":1,"k":[{"i":{"x":0.667,"y":1},"o":{"x":0.333,"y":0},"n":"0p667_1_0p333_0","t":0,"s":[1350,486,0],"e":[590,366,0],"to":[-225.66667175293,-698,0],"ti":[0,0,0]},{"i":{"x":0.667,"y":1},"o":{"x":0.333,"y":0},"n":"0p667_1_0p333_0","t":50,"s":[590,366,0],"e":[796,443,0],"to":[0,0,0],"ti":[0,0,0]},{"t":58}],"ix":2},"a":{"a":0,"k":[-432,92,0],"ix":1},"s":{"a":0,"k":[100,100,100],"ix":6}},"ao":0,"shapes":[{"ty":"gr","it":[{"ind":0,"ty":"sh","ix":1,"ks":{"a":0,"k":{"i":[[21.996,0],[0,-21.996],[-21.996,0],[0,21.996]],"o":[[-21.996,0],[0,21.996],[21.996,0],[0,-21.996]],"v":[[0,-39.828],[-39.828,0],[0,39.828],[39.828,0]],"c":true},"ix":2},"nm":"Path 1","mn":"ADBE Vector Shape - Group","hd":false},{"ty":"st","c":{"a":0,"k":[0.38232200473,0.337700009813,0.337700009813,1],"ix":3},"o":{"a":0,"k":100,"ix":4},"w":{"a":0,"k":0,"ix":5},"lc":1,"lj":1,"ml":4,"ml2":{"a":0,"k":4,"ix":8},"nm":"Stroke 1","mn":"ADBE Vector Graphic - Stroke","hd":false},{"ty":"fl","c":{"a":0,"k":[0.360784313725,0.713725490196,0.941176470588,1],"ix":4},"o":{"a":0,"k":100,"ix":5},"r":1,"nm":"Fill 1","mn":"ADBE Vector Graphic - Fill","hd":false},{"ty":"tr","p":{"a":0,"k":[-428.172,87.828],"ix":2},"a":{"a":0,"k":[0,0],"ix":1},"s":{"a":0,"k":[100,100],"ix":3},"r":{"a":0,"k":0,"ix":6},"o":{"a":0,"k":100,"ix":7},"sk":{"a":0,"k":0,"ix":4},"sa":{"a":0,"k":0,"ix":5},"nm":"Transform"}],"nm":"Ellipse 1","np":3,"cix":2,"ix":1,"mn":"ADBE Vector Group","hd":false}],"ip":0,"op":250,"st":0,"bm":0},{"ddd":0,"ind":2,"ty":4,"nm":"Shape Layer 2","parent":5,"sr":1,"ks":{"o":{"a":0,"k":100,"ix":11},"r":{"a":0,"k":0,"ix":10},"p":{"a":1,"k":[{"i":{"x":0.667,"y":1},"o":{"x":0.333,"y":0},"n":"0p667_1_0p333_0","t":0,"s":[752,796,0],"e":[1292,300,0],"to":[706.666687011719,237.66667175293,0],"ti":[0,0,0]},{"i":{"x":0.667,"y":1},"o":{"x":0.333,"y":0},"n":"0p667_1_0p333_0","t":50,"s":[1292,300,0],"e":[1116,396,0],"to":[0,0,0],"ti":[0,0,0]},{"t":58}],"ix":2},"a":{"a":0,"k":[-432,92,0],"ix":1},"s":{"a":0,"k":[100,100,100],"ix":6}},"ao":0,"shapes":[{"ty":"gr","it":[{"ind":0,"ty":"sh","ix":1,"ks":{"a":0,"k":{"i":[[21.996,0],[0,-21.996],[-21.996,0],[0,21.996]],"o":[[-21.996,0],[0,21.996],[21.996,0],[0,-21.996]],"v":[[0,-39.828],[-39.828,0],[0,39.828],[39.828,0]],"c":true},"ix":2},"nm":"Path 1","mn":"ADBE Vector Shape - Group","hd":false},{"ty":"st","c":{"a":0,"k":[0.38232200473,0.337700009813,0.337700009813,1],"ix":3},"o":{"a":0,"k":100,"ix":4},"w":{"a":0,"k":0,"ix":5},"lc":1,"lj":1,"ml":4,"ml2":{"a":0,"k":4,"ix":8},"nm":"Stroke 1","mn":"ADBE Vector Graphic - Stroke","hd":false},{"ty":"fl","c":{"a":0,"k":[0.360784313725,0.713725490196,0.941176470588,1],"ix":4},"o":{"a":0,"k":100,"ix":5},"r":1,"nm":"Fill 1","mn":"ADBE Vector Graphic - Fill","hd":false},{"ty":"tr","p":{"a":0,"k":[-428.172,87.828],"ix":2},"a":{"a":0,"k":[0,0],"ix":1},"s":{"a":0,"k":[100,100],"ix":3},"r":{"a":0,"k":0,"ix":6},"o":{"a":0,"k":100,"ix":7},"sk":{"a":0,"k":0,"ix":4},"sa":{"a":0,"k":0,"ix":5},"nm":"Transform"}],"nm":"Ellipse 1","np":3,"cix":2,"ix":1,"mn":"ADBE Vector Group","hd":false}],"ip":0,"op":250,"st":0,"bm":0},{"ddd":0,"ind":3,"ty":4,"nm":"Shape Layer 1","parent":5,"sr":1,"ks":{"o":{"a":0,"k":100,"ix":11},"r":{"a":0,"k":0,"ix":10},"p":{"a":1,"k":[{"i":{"x":0.667,"y":1},"o":{"x":0.333,"y":0},"n":"0p667_1_0p333_0","t":0,"s":[750,212,0],"e":[944,872,0],"to":[-380,438.666656494141,0],"ti":[0,0,0]},{"i":{"x":0.667,"y":1},"o":{"x":0.333,"y":0},"n":"0p667_1_0p333_0","t":50,"s":[944,872,0],"e":[953,717,0],"to":[0,0,0],"ti":[0,0,0]},{"t":58}],"ix":2},"a":{"a":0,"k":[-432,92,0],"ix":1},"s":{"a":0,"k":[100,100,100],"ix":6}},"ao":0,"shapes":[{"ty":"gr","it":[{"ind":0,"ty":"sh","ix":1,"ks":{"a":0,"k":{"i":[[21.996,0],[0,-21.996],[-21.996,0],[0,21.996]],"o":[[-21.996,0],[0,21.996],[21.996,0],[0,-21.996]],"v":[[0,-39.828],[-39.828,0],[0,39.828],[39.828,0]],"c":true},"ix":2},"nm":"Path 1","mn":"ADBE Vector Shape - Group","hd":false},{"ty":"st","c":{"a":0,"k":[0.38232200473,0.337700009813,0.337700009813,1],"ix":3},"o":{"a":0,"k":100,"ix":4},"w":{"a":0,"k":0,"ix":5},"lc":1,"lj":1,"ml":4,"ml2":{"a":0,"k":4,"ix":8},"nm":"Stroke 1","mn":"ADBE Vector Graphic - Stroke","hd":false},{"ty":"fl","c":{"a":0,"k":[0.360784313725,0.713725490196,0.941176470588,1],"ix":4},"o":{"a":0,"k":100,"ix":5},"r":1,"nm":"Fill 1","mn":"ADBE Vector Graphic - Fill","hd":false},{"ty":"tr","p":{"a":0,"k":[-428.172,87.828],"ix":2},"a":{"a":0,"k":[0,0],"ix":1},"s":{"a":0,"k":[100,100],"ix":3},"r":{"a":0,"k":0,"ix":6},"o":{"a":0,"k":100,"ix":7},"sk":{"a":0,"k":0,"ix":4},"sa":{"a":0,"k":0,"ix":5},"nm":"Transform"}],"nm":"Ellipse 1","np":3,"cix":2,"ix":1,"mn":"ADBE Vector Group","hd":false}],"ip":0,"op":250,"st":0,"bm":0},{"ddd":0,"ind":4,"ty":5,"nm":"Information","parent":5,"sr":1,"ks":{"o":{"a":1,"k":[{"i":{"x":[0.667],"y":[1]},"o":{"x":[0.333],"y":[0]},"n":["0p667_1_0p333_0"],"t":62,"s":[0],"e":[100]},{"t":77}],"ix":11},"r":{"a":0,"k":0,"ix":10},"p":{"a":0,"k":[1687.198,650,0],"ix":2},"a":{"a":0,"k":[0,0,0],"ix":1},"s":{"a":0,"k":[100,100,100],"ix":6}},"ao":0,"t":{"d":{"k":[{"s":{"sz":[1144,230],"ps":[-452,-202],"s":200,"f":"Enso","t":"Information","j":0,"tr":22,"lh":240,"ls":0,"fc":[0.36,0.71,0.94],"sc":[1,1,1],"sw":1,"of":true},"t":0}]},"p":{},"m":{"g":1,"a":{"a":0,"k":[0,0],"ix":2}},"a":[]},"ip":0,"op":250,"st":0,"bm":0},{"ddd":0,"ind":5,"ty":0,"nm":"Pre-comp 1","refId":"comp_0","sr":1,"ks":{"o":{"a":0,"k":100,"ix":11},"r":{"a":0,"k":0,"ix":10},"p":{"a":1,"k":[{"i":{"x":0.209,"y":0.978},"o":{"x":0.333,"y":0},"n":"0p209_0p978_0p333_0","t":0,"s":[968,512,0],"e":[1264,512,0],"to":[49.3333320617676,0,0],"ti":[85.3333358764648,0,0]},{"i":{"x":0.575,"y":0.748},"o":{"x":0.867,"y":0},"n":"0p575_0p748_0p867_0","t":32,"s":[1264,512,0],"e":[456,512,0],"to":[-85.3333358764648,0,0],"ti":[134.66667175293,0,0]},{"t":75}],"ix":2},"a":{"a":0,"k":[968,512,0],"ix":1},"s":{"a":0,"k":[100,100,100],"ix":6}},"ao":0,"w":1920,"h":1080,"ip":0,"op":250,"st":0,"bm":0}],"markers":[{"tm":0,"cm":"","dr":0}],"chars":[{"ch":"i","size":500,"style":"","w":25.4,"data":{"shapes":[{"ty":"gr","it":[{"ind":0,"ty":"sh","ix":1,"ks":{"a":0,"k":{"i":[[0,0],[0.466,-0.533],[0,-0.733],[0,0],[-0.467,-0.466],[-0.6,0],[0,0],[-0.467,0.467],[0,0.667],[0,0],[0.466,0.534],[0.733,0]],"o":[[-0.6,0],[-0.467,0.534],[0,0],[0,0.667],[0.466,0.467],[0,0],[0.733,0],[0.466,-0.466],[0,0],[0,-0.733],[-0.467,-0.533],[0,0]],"v":[[9.6,-47.3],[8,-46.5],[7.3,-44.6],[7.3,-2.4],[8,-0.7],[9.6,0],[16.5,0],[18.3,-0.7],[19,-2.4],[19,-44.6],[18.3,-46.5],[16.5,-47.3]],"c":true},"ix":2},"nm":"i","mn":"ADBE Vector Shape - Group","hd":false},{"ind":1,"ty":"sh","ix":2,"ks":{"a":0,"k":{"i":[[0,0],[0.466,-0.466],[0,-0.733],[0,0],[-0.467,-0.466],[-0.6,0],[0,0],[-0.467,0.467],[0,0.6],[0,0],[1.666,0]],"o":[[-0.6,0],[-0.467,0.467],[0,0],[0,0.6],[0.466,0.467],[0,0],[0.733,0],[0.466,-0.466],[0,0],[0,-1.666],[0,0]],"v":[[9.6,-64.5],[8,-63.8],[7.3,-62],[7.3,-55],[8,-53.4],[9.6,-52.7],[16.5,-52.7],[18.3,-53.4],[19,-55],[19,-62],[16.5,-64.5]],"c":true},"ix":2},"nm":"i","mn":"ADBE Vector Shape - Group","hd":false}],"nm":"i","np":5,"cix":2,"ix":1,"mn":"ADBE Vector Group","hd":false}]},"fFamily":"Enso"},{"ch":"I","size":200,"style":"","w":29.9,"data":{"shapes":[{"ty":"gr","it":[{"ind":0,"ty":"sh","ix":1,"ks":{"a":0,"k":{"i":[[0,0],[-0.3,-0.3],[-0.334,0],[0,0],[-0.3,0.3],[0,0.334],[0,0],[0.3,0.3],[0.333,0],[0,0],[0.3,-0.3],[0,-0.333]],"o":[[0,0.334],[0.3,0.3],[0,0],[0.333,0],[0.3,-0.3],[0,0],[0,-0.333],[-0.3,-0.3],[0,0],[-0.334,0],[-0.3,0.3],[0,0]],"v":[[9.2,-1.4],[9.65,-0.45],[10.6,0],[19.9,0],[20.85,-0.45],[21.3,-1.4],[21.3,-68.6],[20.85,-69.55],[19.9,-70],[10.6,-70],[9.65,-69.55],[9.2,-68.6]],"c":true},"ix":2},"nm":"I","mn":"ADBE Vector Shape - Group","hd":false}],"nm":"I","np":3,"cix":2,"ix":1,"mn":"ADBE Vector Group","hd":false}]},"fFamily":"Enso"},{"ch":"n","size":200,"style":"","w":57.4,"data":{"shapes":[{"ty":"gr","it":[{"ind":0,"ty":"sh","ix":1,"ks":{"a":0,"k":{"i":[[1.933,-0.833],[1.133,-1.533],[0.6,0.134],[0.233,0.167],[0,0.267],[0,0],[0.433,0.434],[0.733,0],[0,0],[0.5,-0.433],[0,-0.6],[0,0],[-0.5,-0.466],[-0.734,0],[0,0],[-0.5,0.467],[0,0.667],[0,0],[-1.634,1.834],[-2.8,0],[-1.034,-0.566],[-0.6,-0.833],[-0.267,-0.966],[0,-0.8],[0,0],[-0.467,-0.466],[-0.734,0],[0,0],[-0.434,0.467],[0,0.667],[0,0],[0.8,2.467],[1.5,1.8],[2.1,0.967],[2.666,0]],"o":[[-1.934,0.834],[-0.267,0.467],[-0.067,0],[-0.234,-0.166],[0,0],[0,-0.6],[-0.434,-0.433],[0,0],[-0.734,0],[-0.5,0.434],[0,0],[0,0.667],[0.5,0.467],[0,0],[0.733,0],[0.5,-0.466],[0,0],[0,-3],[1.633,-1.833],[1.6,0],[1.033,0.567],[0.6,0.834],[0.266,0.967],[0,0],[0,0.667],[0.466,0.467],[0,0],[0.733,0],[0.433,-0.466],[0,0],[0,-3],[-0.8,-2.466],[-1.5,-1.8],[-2.1,-0.966],[-1.867,0]],"v":[[27.5,-46.45],[22.9,-42.9],[21.6,-42.4],[21.15,-42.65],[20.8,-43.3],[20.8,-43.9],[20.15,-45.45],[18.4,-46.1],[12.3,-46.1],[10.45,-45.45],[9.7,-43.9],[9.7,-2.4],[10.45,-0.7],[12.3,0],[18.9,0],[20.75,-0.7],[21.5,-2.4],[21.5,-26.2],[23.95,-33.45],[30.6,-36.2],[34.55,-35.35],[37,-33.25],[38.3,-30.55],[38.7,-27.9],[38.7,-2.4],[39.4,-0.7],[41.2,0],[48,0],[49.75,-0.7],[50.4,-2.4],[50.4,-27.5],[49.2,-35.7],[45.75,-42.1],[40.35,-46.25],[33.2,-47.7]],"c":true},"ix":2},"nm":"n","mn":"ADBE Vector Shape - Group","hd":false}],"nm":"n","np":3,"cix":2,"ix":1,"mn":"ADBE Vector Group","hd":false}]},"fFamily":"Enso"},{"ch":"f","size":200,"style":"","w":39.3,"data":{"shapes":[{"ty":"gr","it":[{"ind":0,"ty":"sh","ix":1,"ks":{"a":0,"k":{"i":[[2.5,0.4],[2.533,-0.266],[2.666,-1.3],[1.866,-2],[0.966,-2.5],[0.066,-2.666],[0,0],[0,0],[0.466,-0.433],[0,-0.733],[0,0],[-0.467,-0.466],[-0.667,0],[0,0],[0,0],[-0.467,-0.433],[-0.734,0],[0,0],[-0.467,0.434],[0,0.734],[0,0],[0,0],[-0.467,0.467],[0,0.667],[0,0],[0.466,0.434],[0.733,0],[0,0],[-0.467,1.7],[-1.034,1.234],[-1.667,0.7],[-2.334,0],[-1.1,-0.266],[-0.867,-0.333],[-0.567,0.2],[-0.334,0.534],[0,0],[0.4,0.2]],"o":[[-2.5,-0.4],[-3.534,0.334],[-2.667,1.3],[-1.867,2],[-0.967,2.5],[0,0],[0,0],[-0.667,0],[-0.467,0.434],[0,0],[0,0.667],[0.466,0.467],[0,0],[0,0],[0,0.734],[0.466,0.434],[0,0],[0.666,0],[0.466,-0.433],[0,0],[0,0],[0.733,0],[0.466,-0.466],[0,0],[0,-0.733],[-0.467,-0.433],[0,0],[-0.067,-1.933],[0.466,-1.7],[1.033,-1.233],[1.666,-0.7],[1,0],[1.1,0.267],[0.533,0.2],[0.566,-0.2],[0,0],[0.2,-0.6],[-2.4,-1.333]],"v":[[37.65,-70.3],[30.1,-70.5],[20.8,-68.05],[14,-63.1],[9.75,-56.35],[8.2,-48.6],[8.2,-47],[4,-47],[2.3,-46.35],[1.6,-44.6],[1.6,-38.9],[2.3,-37.2],[4,-36.5],[8.2,-36.5],[8.2,-2.4],[8.9,-0.65],[10.7,0],[17.5,0],[19.2,-0.65],[19.9,-2.4],[19.9,-36.5],[31.5,-36.5],[33.3,-37.2],[34,-38.9],[34,-44.6],[33.3,-46.35],[31.5,-47],[19.9,-47],[20.5,-52.45],[22.75,-56.85],[26.8,-59.75],[32.8,-60.8],[35.95,-60.4],[38.9,-59.5],[40.55,-59.5],[41.9,-60.6],[45.3,-66.5],[45,-67.7]],"c":true},"ix":2},"nm":"f","mn":"ADBE Vector Shape - Group","hd":false}],"nm":"f","np":3,"cix":2,"ix":1,"mn":"ADBE Vector Group","hd":false}]},"fFamily":"Enso"},{"ch":"o","size":200,"style":"","w":50.7,"data":{"shapes":[{"ty":"gr","it":[{"ind":0,"ty":"sh","ix":1,"ks":{"a":0,"k":{"i":[[0.333,-0.333],[0,0],[-0.534,-1.133],[-0.367,-1.166],[0,-1.2],[0.7,-1.566],[1.2,-1.166],[1.633,-0.633],[1.866,0],[2.166,2.434],[0,3.734],[-0.567,1.6],[-1.034,1.167],[-1.4,0.667],[-1.667,0],[-1.6,-0.666],[-0.567,0.234],[-0.334,0.534],[0,0],[0.666,0.334],[4.066,-0.2],[3.3,-2.033],[2.1,-3.6],[0,-4.6],[-1.234,-2.933],[-2.067,-2.166],[-2.734,-1.266],[-2.934,0],[-2.967,1.266],[-2.2,2.167],[-1.267,2.934],[0,3.334],[0.933,2.567],[1.666,2.134]],"o":[[0,0],[-1,0.8],[0.533,0.934],[0.366,1.167],[0,1.867],[-0.7,1.567],[-1.2,1.167],[-1.634,0.634],[-3.334,0],[-2.167,-2.433],[0,-1.8],[0.566,-1.6],[1.033,-1.166],[1.4,-0.666],[2.066,0],[0.533,0.334],[0.566,-0.233],[0,0],[0.333,-0.533],[-3.934,-2.133],[-4.067,0.2],[-3.3,2.034],[-2.1,3.6],[0,3.334],[1.233,2.934],[2.066,2.167],[2.733,1.266],[3.4,0],[2.966,-1.266],[2.2,-2.166],[1.266,-2.933],[0,-2.8],[-0.934,-2.566],[-0.267,-0.266]],"v":[[44.6,-38.4],[38.6,-33],[37.9,-30.1],[39.25,-26.95],[39.8,-23.4],[38.75,-18.25],[35.9,-14.15],[31.65,-11.45],[26.4,-10.5],[18.15,-14.15],[14.9,-23.4],[15.75,-28.5],[18.15,-32.65],[21.8,-35.4],[26.4,-36.4],[31.9,-35.4],[33.55,-35.25],[34.9,-36.4],[38.7,-43.3],[38.2,-44.6],[26.2,-47.5],[15.15,-44.15],[7.05,-35.7],[3.9,-23.4],[5.75,-14],[10.7,-6.35],[17.9,-1.2],[26.4,0.7],[35.95,-1.2],[43.7,-6.35],[48.9,-14],[50.8,-23.4],[49.4,-31.45],[45.5,-38.5]],"c":true},"ix":2},"nm":"o","mn":"ADBE Vector Shape - Group","hd":false}],"nm":"o","np":3,"cix":2,"ix":1,"mn":"ADBE Vector Group","hd":false}]},"fFamily":"Enso"},{"ch":"r","size":200,"style":"","w":36.3,"data":{"shapes":[{"ty":"gr","it":[{"ind":0,"ty":"sh","ix":1,"ks":{"a":0,"k":{"i":[[0,0],[-0.3,-0.3],[-0.334,0],[0,0],[0,0.934],[0,0],[-0.434,1.334],[-0.867,1],[-1.3,0.467],[-1.667,-0.533],[-0.4,0.667],[0,0],[0.433,0.434],[0.766,0.3],[0.966,0.134],[0.866,0],[1.166,-0.4],[0.966,-0.633],[0.7,-0.733],[0.4,-0.6],[0.133,0.6],[0.033,0.434],[0.066,0.467],[0,0],[0.866,0],[0,0],[0.3,-0.266],[0,-0.4]],"o":[[0,0.334],[0.3,0.3],[0,0],[1.266,0],[0,0],[0,-1.266],[0.433,-1.333],[0.866,-1],[1.3,-0.466],[1.2,0.4],[0,0],[0.266,-0.533],[-0.434,-0.433],[-0.767,-0.3],[-0.967,-0.133],[-1.4,0],[-1.167,0.4],[-0.967,0.634],[-0.7,0.734],[-0.4,0.4],[0,-0.066],[-0.034,-0.433],[0,0],[-0.067,-0.666],[0,0],[-0.334,0],[-0.3,0.267],[0,0]],"v":[[9,-1.4],[9.45,-0.45],[10.4,0],[18.3,0],[20.2,-1.4],[20.2,-28.2],[20.85,-32.1],[22.8,-35.6],[26.05,-37.8],[30.5,-37.7],[32.9,-38.1],[36.6,-44.7],[36.35,-46.15],[34.55,-47.25],[31.95,-47.9],[29.2,-48.1],[25.35,-47.5],[22.15,-45.95],[19.65,-43.9],[18,-41.9],[17.2,-42.2],[17.15,-42.95],[17,-44.3],[16.8,-46.1],[15.4,-47.1],[10.4,-47.1],[9.45,-46.7],[9,-45.7]],"c":true},"ix":2},"nm":"r","mn":"ADBE Vector Shape - Group","hd":false}],"nm":"r","np":3,"cix":2,"ix":1,"mn":"ADBE Vector Group","hd":false}]},"fFamily":"Enso"},{"ch":"m","size":200,"style":"","w":85.7,"data":{"shapes":[{"ty":"gr","it":[{"ind":0,"ty":"sh","ix":1,"ks":{"a":0,"k":{"i":[[1.633,-0.5],[1.333,-1.133],[1.6,-1.8],[0,0],[0.666,1.067],[2.366,1.367],[3.066,0],[2.666,-3.2],[0.1,-0.1],[0.466,0.134],[0.166,0.167],[0,0.267],[0,0],[0.433,0.434],[0.733,0],[0,0],[0.466,-0.433],[0,-0.6],[0,0],[-0.467,-0.466],[-0.667,0],[0,0],[-0.467,0.467],[0,0.667],[0,0],[-0.434,1.234],[-0.734,0.867],[-0.9,0.5],[-1,0],[-1.1,-0.566],[-0.634,-0.833],[-0.267,-0.966],[0,-0.8],[0,0],[-0.434,-0.466],[-0.6,0],[0,0],[-0.434,0.4],[0,0.6],[0,0],[0,0],[-1.8,1.734],[-2.534,0],[-1.067,-0.566],[-0.634,-0.8],[-0.267,-0.966],[0,-0.8],[0,0],[-0.467,-0.466],[-0.734,0],[0,0],[-0.467,0.467],[0,0.667],[0,0],[0.833,2.434],[1.533,1.767],[2.133,0.967],[2.666,0]],"o":[[-1.634,0.5],[-1.134,0.734],[0,0],[-0.734,1],[-1.467,-2.133],[-2.367,-1.366],[-3.334,0],[-0.134,0.267],[-0.1,0.1],[-0.134,0],[-0.167,-0.166],[0,0],[0,-0.6],[-0.434,-0.433],[0,0],[-0.667,0],[-0.467,0.434],[0,0],[0,0.667],[0.466,0.467],[0,0],[0.6,0],[0.466,-0.466],[0,0],[0,-1.466],[0.433,-1.233],[0.733,-0.866],[0.9,-0.5],[1.666,0],[1.1,0.567],[0.633,0.834],[0.266,0.967],[0,0],[0,0.667],[0.433,0.467],[0,0],[0.6,0],[0.433,-0.4],[0,0],[0,0],[0,-3.333],[1.8,-1.733],[1.666,0],[1.066,0.567],[0.633,0.8],[0.266,0.967],[0,0],[0,0.667],[0.466,0.467],[0,0],[0.733,0],[0.466,-0.466],[0,0],[0,-2.933],[-0.834,-2.433],[-1.534,-1.766],[-2.134,-0.966],[-1.334,0]],"v":[[55.25,-46.65],[50.8,-44.2],[46.7,-40.4],[46.7,-40.3],[44.6,-40.4],[38.85,-45.65],[30.7,-47.7],[21.7,-42.9],[21.35,-42.35],[20.5,-42.4],[20.05,-42.65],[19.8,-43.3],[19.8,-43.9],[19.15,-45.45],[17.4,-46.1],[11.2,-46.1],[9.5,-45.45],[8.8,-43.9],[8.8,-2.4],[9.5,-0.7],[11.2,0],[18,0],[19.6,-0.7],[20.3,-2.4],[20.3,-26.2],[20.95,-30.25],[22.7,-33.4],[25.15,-35.45],[28,-36.2],[32.15,-35.35],[34.75,-33.25],[36.1,-30.55],[36.5,-27.9],[36.5,-2.4],[37.15,-0.7],[38.7,0],[45.7,0],[47.25,-0.6],[47.9,-2.1],[47.9,-2.4],[47.9,-25.9],[50.6,-33.5],[57.1,-36.1],[61.2,-35.25],[63.75,-33.2],[65.1,-30.55],[65.5,-27.9],[65.5,-2.4],[66.2,-0.7],[68,0],[74.7,0],[76.5,-0.7],[77.2,-2.4],[77.2,-27.5],[75.95,-35.55],[72.4,-41.85],[66.9,-45.95],[59.7,-47.4]],"c":true},"ix":2},"nm":"m","mn":"ADBE Vector Shape - Group","hd":false}],"nm":"m","np":3,"cix":2,"ix":1,"mn":"ADBE Vector Group","hd":false}]},"fFamily":"Enso"},{"ch":"a","size":200,"style":"","w":55.5,"data":{"shapes":[{"ty":"gr","it":[{"ind":0,"ty":"sh","ix":1,"ks":{"a":0,"k":{"i":[[0,0],[0.5,0.534],[0.733,0],[0,0],[0.5,-0.533],[0,-0.666],[0.433,-0.133],[0.466,0.534],[3.133,0.334],[3,-0.9],[2.533,-2],[1.466,-2.8],[0.2,-3.266],[-0.967,-2.933],[-2.034,-2.4],[-2.767,-1.466],[-3.367,-0.334],[-3.6,1.2],[0.2,0.534],[0,0],[0.466,0.3],[0.666,-0.2],[2.366,1.034],[1.466,2.034],[0.366,2.567],[-1.334,2.267],[-1.367,1.034],[-1.6,0.467],[-1.734,-0.166],[-1.6,-0.866],[-1.2,-2.033],[0,-3.066],[0,-0.6],[0.033,-0.966],[0,-1.166],[0,-1.2],[0,0],[-0.5,-0.466],[-0.734,0],[0,0],[-0.5,0.467],[0,0.734]],"o":[[0,-0.666],[-0.5,-0.533],[0,0],[-0.667,0],[-0.5,0.534],[0,0.734],[-0.434,0.134],[-2.667,-1.866],[-3.134,-0.333],[-3,0.9],[-2.534,2],[-1.667,3.267],[-0.2,3.267],[0.966,2.934],[2.033,2.4],[2.766,1.467],[3.366,0.333],[0.666,-0.266],[0,0],[-0.334,-0.533],[-0.467,-0.3],[-2.734,0.8],[-2.367,-1.033],[-1.467,-2.033],[-0.367,-2.566],[0.866,-1.533],[1.366,-1.033],[1.6,-0.466],[1.733,0.167],[2.2,1.2],[1.2,2.034],[0,0.067],[0,0.6],[-0.034,0.967],[0,1.167],[0,0],[0,0.734],[0.5,0.467],[0,0],[0.733,0],[0.5,-0.466],[0,0]],"v":[[51.3,-44.7],[50.55,-46.5],[48.7,-47.3],[41.5,-47.3],[39.75,-46.5],[39,-44.7],[38.35,-43.4],[37,-44],[28.3,-47.3],[19.1,-46.45],[10.8,-42.1],[4.8,-34.9],[2,-25.1],[3.15,-15.8],[7.65,-7.8],[14.85,-2],[24.05,0.7],[34.5,-0.6],[35.2,-1.8],[32.5,-9.2],[31.3,-10.45],[29.6,-10.6],[21.95,-10.95],[16.2,-15.55],[13.45,-22.45],[14.9,-29.7],[18.25,-33.55],[22.7,-35.8],[27.7,-36.25],[32.7,-34.7],[37.8,-29.85],[39.6,-22.2],[39.6,-21.2],[39.55,-18.85],[39.5,-15.65],[39.5,-12.1],[39.5,-2.5],[40.25,-0.7],[42.1,0],[48.7,0],[50.55,-0.7],[51.3,-2.5]],"c":true},"ix":2},"nm":"a","mn":"ADBE Vector Shape - Group","hd":false}],"nm":"a","np":3,"cix":2,"ix":1,"mn":"ADBE Vector Group","hd":false}]},"fFamily":"Enso"},{"ch":"t","size":200,"style":"","w":40.4,"data":{"shapes":[{"ty":"gr","it":[{"ind":0,"ty":"sh","ix":1,"ks":{"a":0,"k":{"i":[[0,0],[0.6,0.067],[0.666,-0.333],[1.1,-0.533],[1.4,-0.333],[0.933,0.634],[0,2],[0,0],[-0.267,0.2],[-0.267,0],[0,0],[-0.467,0.467],[0,0.734],[0,0],[0.466,0.467],[0.666,0],[0,0],[0,0.734],[0,0],[0.433,0.467],[0.8,0],[0,0],[0.466,-0.466],[0,-0.666],[0,0],[0.733,0],[0,0],[0.466,-0.466],[0,-0.733],[0,0],[-0.467,-0.466],[-0.534,0],[0,0],[0,-0.733],[0,0],[-2.067,-2],[-3.934,-0.134],[-1.8,0.433],[-1.3,0.534],[-0.767,0.5],[-0.134,0.067],[-0.134,0.2],[0.133,0.334]],"o":[[-0.134,-0.533],[-0.6,-0.066],[-0.667,0.334],[-1.1,0.534],[-1.2,0.334],[-0.934,-0.633],[0,0],[0,-0.333],[0.266,-0.2],[0,0],[0.666,0],[0.466,-0.466],[0,0],[0,-0.733],[-0.467,-0.466],[0,0],[-0.8,0],[0,0],[0,-0.666],[-0.434,-0.466],[0,0],[-0.6,0],[-0.467,0.467],[0,0],[0,0.734],[0,0],[-0.534,0],[-0.467,0.467],[0,0],[0,0.734],[0.466,0.467],[0,0],[0.733,0],[0,0],[0,4.134],[2.066,2],[2.266,0.066],[1.8,-0.433],[1.3,-0.533],[0.766,-0.5],[0.333,-0.2],[0.133,-0.2],[0,0]],"v":[[35.8,-11.7],[34.7,-12.6],[32.8,-12.2],[30.15,-10.9],[26.4,-9.6],[23.2,-10.05],[21.8,-14],[21.7,-34.6],[22.1,-35.4],[22.9,-35.7],[33.9,-35.7],[35.6,-36.4],[36.3,-38.2],[36.3,-44.5],[35.6,-46.3],[33.9,-47],[22.8,-47],[21.6,-48.1],[21.6,-61.9],[20.95,-63.6],[19.1,-64.3],[12.4,-64.3],[10.8,-63.6],[10.1,-61.9],[10.1,-48.1],[9,-47],[3.3,-47],[1.8,-46.3],[1.1,-44.5],[1.1,-38.2],[1.8,-36.4],[3.3,-35.7],[9,-35.7],[10.1,-34.6],[10.1,-11.9],[13.2,-2.7],[22.2,0.5],[28.3,-0.05],[32.95,-1.5],[36.05,-3.05],[37.4,-3.9],[38.1,-4.5],[38.1,-5.3]],"c":true},"ix":2},"nm":"t","mn":"ADBE Vector Shape - Group","hd":false}],"nm":"t","np":3,"cix":2,"ix":1,"mn":"ADBE Vector Group","hd":false}]},"fFamily":"Enso"}]}