{"v":"5.7.6","fr":30,"ip":0,"op":121,"w":500,"h":500,"nm":"Info","ddd":0,"assets":[],"layers":[{"ddd":0,"ind":2,"ty":4,"nm":"Info - Group 21","sr":1,"ks":{"o":{"a":0,"k":100,"ix":11},"r":{"a":0,"k":0,"ix":10},"p":{"a":0,"k":[250.5,249.158,0],"ix":2,"l":2},"a":{"a":0,"k":[250.5,249.158,0],"ix":1,"l":2},"s":{"a":0,"k":[100,100,100],"ix":6,"l":2}},"ao":0,"shapes":[{"ty":"gr","it":[{"ind":0,"ty":"sh","ix":1,"ks":{"a":0,"k":{"i":[[0,0],[120.843,0],[0,0],[0,0],[-120.843,-0.279],[0,0]],"o":[[0,120.843],[0,0],[0,0],[0,-120.843],[0,0],[0,0]],"v":[[218.805,0],[-0.001,218.806],[-218.805,218.806],[-218.805,0],[-0.001,-218.527],[218.805,-218.527]],"c":false},"ix":2},"nm":"Path 1","mn":"ADBE Vector Shape - Group","hd":false},{"ty":"st","c":{"a":0,"k":[0.101989746094,0.089996337891,0.105987548828,1],"ix":3,"x":"var $bm_rt;\n$bm_rt = thisComp.layer('color ctrl').effect('Color 1')('ADBE Color Control-0001');"},"o":{"a":0,"k":100,"ix":4},"w":{"a":0,"k":10,"ix":5},"lc":2,"lj":2,"bm":0,"nm":"Stroke 1","mn":"ADBE Vector Graphic - Stroke","hd":false},{"ty":"tr","p":{"a":0,"k":[250.5,249.019],"ix":2},"a":{"a":0,"k":[0,0],"ix":1},"s":{"a":0,"k":[100,100],"ix":3},"r":{"a":0,"k":0,"ix":6},"o":{"a":0,"k":100,"ix":7},"sk":{"a":0,"k":0,"ix":4},"sa":{"a":0,"k":0,"ix":5},"nm":"Transform"}],"nm":"Group 1","np":2,"cix":2,"bm":0,"ix":1,"mn":"ADBE Vector Group","hd":false},{"ty":"tm","s":{"a":1,"k":[{"i":{"x":[0.55],"y":[1]},"o":{"x":[0.45],"y":[0]},"t":-40,"s":[3.9]},{"i":{"x":[0.833],"y":[1]},"o":{"x":[0.45],"y":[0]},"t":20,"s":[0]},{"i":{"x":[0.55],"y":[1]},"o":{"x":[0.45],"y":[0]},"t":80,"s":[3.9]},{"i":{"x":[0.55],"y":[1]},"o":{"x":[0.45],"y":[0]},"t":140,"s":[0]},{"t":200,"s":[3.9]}],"ix":1},"e":{"a":1,"k":[{"i":{"x":[0.55],"y":[1]},"o":{"x":[0.45],"y":[0]},"t":-40,"s":[32.1]},{"i":{"x":[0.833],"y":[1]},"o":{"x":[0.45],"y":[0]},"t":20,"s":[28.3]},{"i":{"x":[0.55],"y":[1]},"o":{"x":[0.45],"y":[0]},"t":80,"s":[32.1]},{"i":{"x":[0.55],"y":[1]},"o":{"x":[0.45],"y":[0]},"t":140,"s":[28.3]},{"t":200,"s":[32.1]}],"ix":2},"o":{"a":0,"k":0,"ix":3},"m":1,"ix":2,"nm":"Trim Paths 1","mn":"ADBE Vector Filter - Trim","hd":false}],"ip":0,"op":121,"st":0,"bm":0},{"ddd":0,"ind":3,"ty":4,"nm":"Info - Group 20","sr":1,"ks":{"o":{"a":0,"k":100,"ix":11},"r":{"a":0,"k":0,"ix":10},"p":{"a":0,"k":[250.5,249.158,0],"ix":2,"l":2},"a":{"a":0,"k":[250.5,249.158,0],"ix":1,"l":2},"s":{"a":0,"k":[100,100,100],"ix":6,"l":2}},"ao":0,"shapes":[{"ty":"gr","it":[{"ind":0,"ty":"sh","ix":1,"ks":{"a":0,"k":{"i":[[0,0],[120.843,0],[0,0],[0,0],[-120.843,-0.279],[0,0]],"o":[[0,120.843],[0,0],[0,0],[0,-120.843],[0,0],[0,0]],"v":[[218.805,0],[-0.001,218.806],[-218.805,218.806],[-218.805,0],[-0.001,-218.527],[218.805,-218.527]],"c":false},"ix":2},"nm":"Path 1","mn":"ADBE Vector Shape - Group","hd":false},{"ty":"st","c":{"a":0,"k":[0.101989746094,0.089996337891,0.105987548828,1],"ix":3,"x":"var $bm_rt;\n$bm_rt = thisComp.layer('color ctrl').effect('Color 1')('ADBE Color Control-0001');"},"o":{"a":0,"k":100,"ix":4},"w":{"a":0,"k":10,"ix":5},"lc":2,"lj":2,"bm":0,"nm":"Stroke 1","mn":"ADBE Vector Graphic - Stroke","hd":false},{"ty":"tr","p":{"a":0,"k":[250.5,249.019],"ix":2},"a":{"a":0,"k":[0,0],"ix":1},"s":{"a":0,"k":[100,100],"ix":3},"r":{"a":0,"k":0,"ix":6},"o":{"a":0,"k":100,"ix":7},"sk":{"a":0,"k":0,"ix":4},"sa":{"a":0,"k":0,"ix":5},"nm":"Transform"}],"nm":"Group 1","np":2,"cix":2,"bm":0,"ix":1,"mn":"ADBE Vector Group","hd":false},{"ty":"tm","s":{"a":1,"k":[{"i":{"x":[0.55],"y":[1]},"o":{"x":[0.45],"y":[0]},"t":-40,"s":[35.7]},{"i":{"x":[0.833],"y":[1]},"o":{"x":[0.45],"y":[0]},"t":20,"s":[31.8]},{"i":{"x":[0.55],"y":[1]},"o":{"x":[0.45],"y":[0]},"t":80,"s":[35.7]},{"i":{"x":[0.55],"y":[1]},"o":{"x":[0.45],"y":[0]},"t":140,"s":[31.8]},{"t":200,"s":[35.7]}],"ix":1},"e":{"a":1,"k":[{"i":{"x":[0.55],"y":[1]},"o":{"x":[0.45],"y":[0]},"t":0,"s":[51]},{"i":{"x":[0.55],"y":[1]},"o":{"x":[0.45],"y":[0]},"t":60,"s":[58.3]},{"t":120,"s":[51]}],"ix":2},"o":{"a":0,"k":0,"ix":3},"m":1,"ix":2,"nm":"Trim Paths 1","mn":"ADBE Vector Filter - Trim","hd":false}],"ip":0,"op":121,"st":0,"bm":0},{"ddd":0,"ind":4,"ty":4,"nm":"Info - Group 19","sr":1,"ks":{"o":{"a":0,"k":100,"ix":11},"r":{"a":0,"k":0,"ix":10},"p":{"a":0,"k":[250.5,249.158,0],"ix":2,"l":2},"a":{"a":0,"k":[250.5,249.158,0],"ix":1,"l":2},"s":{"a":0,"k":[100,100,100],"ix":6,"l":2}},"ao":0,"shapes":[{"ty":"gr","it":[{"ind":0,"ty":"sh","ix":1,"ks":{"a":0,"k":{"i":[[0,0],[120.843,0],[0,0],[0,0],[-120.843,-0.279],[0,0]],"o":[[0,120.843],[0,0],[0,0],[0,-120.843],[0,0],[0,0]],"v":[[218.805,0],[-0.001,218.806],[-218.805,218.806],[-218.805,0],[-0.001,-218.527],[218.805,-218.527]],"c":false},"ix":2},"nm":"Path 1","mn":"ADBE Vector Shape - Group","hd":false},{"ty":"st","c":{"a":0,"k":[0.101989746094,0.089996337891,0.105987548828,1],"ix":3,"x":"var $bm_rt;\n$bm_rt = thisComp.layer('color ctrl').effect('Color 1')('ADBE Color Control-0001');"},"o":{"a":0,"k":100,"ix":4},"w":{"a":0,"k":10,"ix":5},"lc":2,"lj":2,"bm":0,"nm":"Stroke 1","mn":"ADBE Vector Graphic - Stroke","hd":false},{"ty":"tr","p":{"a":0,"k":[250.5,249.019],"ix":2},"a":{"a":0,"k":[0,0],"ix":1},"s":{"a":0,"k":[100,100],"ix":3},"r":{"a":0,"k":0,"ix":6},"o":{"a":0,"k":100,"ix":7},"sk":{"a":0,"k":0,"ix":4},"sa":{"a":0,"k":0,"ix":5},"nm":"Transform"}],"nm":"Group 1","np":2,"cix":2,"bm":0,"ix":1,"mn":"ADBE Vector Group","hd":false},{"ty":"tm","s":{"a":1,"k":[{"i":{"x":[0.55],"y":[1]},"o":{"x":[0.45],"y":[0]},"t":0,"s":[54.6]},{"i":{"x":[0.55],"y":[1]},"o":{"x":[0.45],"y":[0]},"t":60,"s":[61.4]},{"t":120,"s":[54.6]}],"ix":1},"e":{"a":1,"k":[{"i":{"x":[0.55],"y":[1]},"o":{"x":[0.45],"y":[0]},"t":0,"s":[66.1]},{"i":{"x":[0.55],"y":[1]},"o":{"x":[0.45],"y":[0]},"t":60,"s":[72.8]},{"t":120,"s":[66.1]}],"ix":2},"o":{"a":0,"k":0,"ix":3},"m":1,"ix":2,"nm":"Trim Paths 1","mn":"ADBE Vector Filter - Trim","hd":false}],"ip":0,"op":121,"st":0,"bm":0},{"ddd":0,"ind":5,"ty":4,"nm":"Info - Group 18","sr":1,"ks":{"o":{"a":0,"k":100,"ix":11},"r":{"a":0,"k":0,"ix":10},"p":{"a":0,"k":[250.5,249.158,0],"ix":2,"l":2},"a":{"a":0,"k":[250.5,249.158,0],"ix":1,"l":2},"s":{"a":0,"k":[100,100,100],"ix":6,"l":2}},"ao":0,"shapes":[{"ty":"gr","it":[{"ind":0,"ty":"sh","ix":1,"ks":{"a":0,"k":{"i":[[0,0],[120.843,0],[0,0],[0,0],[-120.843,-0.279],[0,0]],"o":[[0,120.843],[0,0],[0,0],[0,-120.843],[0,0],[0,0]],"v":[[218.805,0],[-0.001,218.806],[-218.805,218.806],[-218.805,0],[-0.001,-218.527],[218.805,-218.527]],"c":false},"ix":2},"nm":"Path 1","mn":"ADBE Vector Shape - Group","hd":false},{"ty":"st","c":{"a":0,"k":[0.101989746094,0.089996337891,0.105987548828,1],"ix":3,"x":"var $bm_rt;\n$bm_rt = thisComp.layer('color ctrl').effect('Color 1')('ADBE Color Control-0001');"},"o":{"a":0,"k":100,"ix":4},"w":{"a":0,"k":10,"ix":5},"lc":2,"lj":2,"bm":0,"nm":"Stroke 1","mn":"ADBE Vector Graphic - Stroke","hd":false},{"ty":"tr","p":{"a":0,"k":[250.5,249.019],"ix":2},"a":{"a":0,"k":[0,0],"ix":1},"s":{"a":0,"k":[100,100],"ix":3},"r":{"a":0,"k":0,"ix":6},"o":{"a":0,"k":100,"ix":7},"sk":{"a":0,"k":0,"ix":4},"sa":{"a":0,"k":0,"ix":5},"nm":"Transform"}],"nm":"Group 1","np":2,"cix":2,"bm":0,"ix":1,"mn":"ADBE Vector Group","hd":false},{"ty":"tm","s":{"a":1,"k":[{"i":{"x":[0.55],"y":[1]},"o":{"x":[0.45],"y":[0]},"t":0,"s":[69.6]},{"i":{"x":[0.55],"y":[1]},"o":{"x":[0.45],"y":[0]},"t":60,"s":[75.7]},{"t":120,"s":[69.6]}],"ix":1},"e":{"a":1,"k":[{"i":{"x":[0.55],"y":[1]},"o":{"x":[0.45],"y":[0]},"t":0,"s":[80]},{"i":{"x":[0.55],"y":[1]},"o":{"x":[0.45],"y":[0]},"t":60,"s":[85.3]},{"t":120,"s":[80]}],"ix":2},"o":{"a":0,"k":0,"ix":3},"m":1,"ix":2,"nm":"Trim Paths 1","mn":"ADBE Vector Filter - Trim","hd":false}],"ip":0,"op":121,"st":0,"bm":0},{"ddd":0,"ind":6,"ty":4,"nm":"Info - Group 17","sr":1,"ks":{"o":{"a":0,"k":100,"ix":11},"r":{"a":0,"k":0,"ix":10},"p":{"a":0,"k":[250.5,249.158,0],"ix":2,"l":2},"a":{"a":0,"k":[250.5,249.158,0],"ix":1,"l":2},"s":{"a":0,"k":[100,100,100],"ix":6,"l":2}},"ao":0,"shapes":[{"ty":"gr","it":[{"ind":0,"ty":"sh","ix":1,"ks":{"a":0,"k":{"i":[[0,0],[120.843,0],[0,0],[0,0],[-120.843,-0.279],[0,0]],"o":[[0,120.843],[0,0],[0,0],[0,-120.843],[0,0],[0,0]],"v":[[218.805,0],[-0.001,218.806],[-218.805,218.806],[-218.805,0],[-0.001,-218.527],[218.805,-218.527]],"c":false},"ix":2},"nm":"Path 1","mn":"ADBE Vector Shape - Group","hd":false},{"ty":"st","c":{"a":0,"k":[0.101989746094,0.089996337891,0.105987548828,1],"ix":3,"x":"var $bm_rt;\n$bm_rt = thisComp.layer('color ctrl').effect('Color 1')('ADBE Color Control-0001');"},"o":{"a":0,"k":100,"ix":4},"w":{"a":0,"k":10,"ix":5},"lc":2,"lj":2,"bm":0,"nm":"Stroke 1","mn":"ADBE Vector Graphic - Stroke","hd":false},{"ty":"tr","p":{"a":0,"k":[250.5,249.019],"ix":2},"a":{"a":0,"k":[0,0],"ix":1},"s":{"a":0,"k":[100,100],"ix":3},"r":{"a":0,"k":0,"ix":6},"o":{"a":0,"k":100,"ix":7},"sk":{"a":0,"k":0,"ix":4},"sa":{"a":0,"k":0,"ix":5},"nm":"Transform"}],"nm":"Group 1","np":2,"cix":2,"bm":0,"ix":1,"mn":"ADBE Vector Group","hd":false},{"ty":"tm","s":{"a":1,"k":[{"i":{"x":[0.55],"y":[1]},"o":{"x":[0.45],"y":[0]},"t":0,"s":[83.7]},{"i":{"x":[0.55],"y":[1]},"o":{"x":[0.45],"y":[0]},"t":60,"s":[88.4]},{"t":120,"s":[83.7]}],"ix":1},"e":{"a":1,"k":[{"i":{"x":[0.25],"y":[1]},"o":{"x":[0.333],"y":[0]},"t":0,"s":[92.3]},{"i":{"x":[0.55],"y":[1]},"o":{"x":[0.333],"y":[0]},"t":60,"s":[95.2]},{"t":120,"s":[92.3]}],"ix":2},"o":{"a":0,"k":0,"ix":3},"m":1,"ix":2,"nm":"Trim Paths 1","mn":"ADBE Vector Filter - Trim","hd":false}],"ip":0,"op":121,"st":0,"bm":0},{"ddd":0,"ind":7,"ty":4,"nm":"Info - Group 1","sr":1,"ks":{"o":{"a":0,"k":100,"ix":11},"r":{"a":0,"k":0,"ix":10},"p":{"a":0,"k":[250.5,249.158,0],"ix":2,"l":2},"a":{"a":0,"k":[250.5,249.158,0],"ix":1,"l":2},"s":{"a":0,"k":[100,100,100],"ix":6,"l":2}},"ao":0,"shapes":[{"ty":"gr","it":[{"ind":0,"ty":"sh","ix":1,"ks":{"a":0,"k":{"i":[[0,0],[120.843,0],[0,0],[0,0],[-120.843,-0.279],[0,0]],"o":[[0,120.843],[0,0],[0,0],[0,-120.843],[0,0],[0,0]],"v":[[218.805,0],[-0.001,218.806],[-218.805,218.806],[-218.805,0],[-0.001,-218.527],[218.805,-218.527]],"c":false},"ix":2},"nm":"Path 1","mn":"ADBE Vector Shape - Group","hd":false},{"ty":"st","c":{"a":0,"k":[0.101989746094,0.089996337891,0.105987548828,1],"ix":3,"x":"var $bm_rt;\n$bm_rt = thisComp.layer('color ctrl').effect('Color 1')('ADBE Color Control-0001');"},"o":{"a":0,"k":100,"ix":4},"w":{"a":0,"k":10,"ix":5},"lc":2,"lj":2,"bm":0,"nm":"Stroke 1","mn":"ADBE Vector Graphic - Stroke","hd":false},{"ty":"tr","p":{"a":0,"k":[250.5,249.019],"ix":2},"a":{"a":0,"k":[0,0],"ix":1},"s":{"a":0,"k":[100,100],"ix":3},"r":{"a":0,"k":0,"ix":6},"o":{"a":0,"k":100,"ix":7},"sk":{"a":0,"k":0,"ix":4},"sa":{"a":0,"k":0,"ix":5},"nm":"Transform"}],"nm":"Group 1","np":2,"cix":2,"bm":0,"ix":1,"mn":"ADBE Vector Group","hd":false},{"ty":"tm","s":{"a":1,"k":[{"i":{"x":[0.55],"y":[1]},"o":{"x":[0.45],"y":[0]},"t":0,"s":[95.8]},{"i":{"x":[0.55],"y":[1]},"o":{"x":[0.45],"y":[0]},"t":60,"s":[98]},{"t":120,"s":[95.8]}],"ix":1},"e":{"a":1,"k":[{"i":{"x":[0.55],"y":[1]},"o":{"x":[0.45],"y":[0]},"t":0,"s":[100]},{"i":{"x":[0.55],"y":[1]},"o":{"x":[0.45],"y":[0]},"t":60,"s":[100]},{"t":120,"s":[100]}],"ix":2},"o":{"a":0,"k":0,"ix":3},"m":1,"ix":2,"nm":"Trim Paths 1","mn":"ADBE Vector Filter - Trim","hd":false}],"ip":0,"op":121,"st":0,"bm":0},{"ddd":0,"ind":8,"ty":4,"nm":"Info - Group 6","sr":1,"ks":{"o":{"a":0,"k":100,"ix":11},"r":{"a":0,"k":0,"ix":10},"p":{"a":0,"k":[452.213,153.617,0],"ix":2,"l":2},"a":{"a":0,"k":[452.213,153.617,0],"ix":1,"l":2},"s":{"a":0,"k":[100,100,100],"ix":6,"l":2}},"ao":0,"shapes":[{"ty":"gr","it":[{"ind":0,"ty":"sh","ix":1,"ks":{"a":1,"k":[{"i":{"x":0.55,"y":1},"o":{"x":0.45,"y":0},"t":-30,"s":[{"i":[[2.83,0],[0,0],[0,-2.838],[-2.837,0],[0,0],[0,2.83]],"o":[[0,0],[-2.837,0],[0,2.83],[0,0],[2.83,0],[0,-2.838]],"v":[[17.093,-5.131],[-17.087,-5.131],[-22.22,0.003],[-17.087,5.131],[17.093,5.131],[22.22,0.003]],"c":true}]},{"i":{"x":0.55,"y":1},"o":{"x":0.45,"y":0},"t":30,"s":[{"i":[[2.83,0],[0,0],[0,-2.838],[-2.837,0],[0,0],[0,2.83]],"o":[[0,0],[-2.837,0],[0,2.83],[0,0],[2.83,0],[0,-2.838]],"v":[[17.093,-5.131],[-7.087,-5.131],[-12.22,0.003],[-7.087,5.131],[17.093,5.131],[22.22,0.003]],"c":true}]},{"i":{"x":0.55,"y":1},"o":{"x":0.45,"y":0},"t":90,"s":[{"i":[[2.83,0],[0,0],[0,-2.838],[-2.837,0],[0,0],[0,2.83]],"o":[[0,0],[-2.837,0],[0,2.83],[0,0],[2.83,0],[0,-2.838]],"v":[[17.093,-5.131],[-17.087,-5.131],[-22.22,0.003],[-17.087,5.131],[17.093,5.131],[22.22,0.003]],"c":true}]},{"i":{"x":0.55,"y":1},"o":{"x":0.45,"y":0},"t":150,"s":[{"i":[[2.83,0],[0,0],[0,-2.838],[-2.837,0],[0,0],[0,2.83]],"o":[[0,0],[-2.837,0],[0,2.83],[0,0],[2.83,0],[0,-2.838]],"v":[[17.093,-5.131],[-7.087,-5.131],[-12.22,0.003],[-7.087,5.131],[17.093,5.131],[22.22,0.003]],"c":true}]},{"t":210,"s":[{"i":[[2.83,0],[0,0],[0,-2.838],[-2.837,0],[0,0],[0,2.83]],"o":[[0,0],[-2.837,0],[0,2.83],[0,0],[2.83,0],[0,-2.838]],"v":[[17.093,-5.131],[-17.087,-5.131],[-22.22,0.003],[-17.087,5.131],[17.093,5.131],[22.22,0.003]],"c":true}]}],"ix":2},"nm":"Path 1","mn":"ADBE Vector Shape - Group","hd":false},{"ty":"fl","c":{"a":0,"k":[0.102000000898,0.090000002992,0.105999995213,1],"ix":4,"x":"var $bm_rt;\n$bm_rt = thisComp.layer('color ctrl').effect('Color 1')('ADBE Color Control-0001');"},"o":{"a":0,"k":100,"ix":5},"r":1,"bm":0,"nm":"Fill 1","mn":"ADBE Vector Graphic - Fill","hd":false},{"ty":"tr","p":{"a":0,"k":[452.213,153.617],"ix":2},"a":{"a":0,"k":[0,0],"ix":1},"s":{"a":0,"k":[100,100],"ix":3},"r":{"a":0,"k":0,"ix":6},"o":{"a":0,"k":100,"ix":7},"sk":{"a":0,"k":0,"ix":4},"sa":{"a":0,"k":0,"ix":5},"nm":"Transform"}],"nm":"Group 6","np":2,"cix":2,"bm":0,"ix":1,"mn":"ADBE Vector Group","hd":false}],"ip":0,"op":121,"st":0,"bm":0},{"ddd":0,"ind":9,"ty":4,"nm":"Info - Group 7","sr":1,"ks":{"o":{"a":0,"k":100,"ix":11},"r":{"a":0,"k":0,"ix":10},"p":{"a":0,"k":[438.53,112.578,0],"ix":2,"l":2},"a":{"a":0,"k":[438.53,112.578,0],"ix":1,"l":2},"s":{"a":0,"k":[100,100,100],"ix":6,"l":2}},"ao":0,"shapes":[{"ty":"gr","it":[{"ind":0,"ty":"sh","ix":1,"ks":{"a":1,"k":[{"i":{"x":0.25,"y":1},"o":{"x":0.333,"y":0},"t":-20,"s":[{"i":[[2.83,0],[0,0],[0,-2.838],[-2.836,0],[0,0],[0,2.837]],"o":[[0,0],[-2.836,0],[0,2.837],[0,0],[2.83,0],[0,-2.838]],"v":[[30.776,-5.134],[-30.768,-5.134],[-35.902,0],[-30.768,5.134],[30.776,5.134],[35.902,0]],"c":true}]},{"i":{"x":0.25,"y":1},"o":{"x":0.333,"y":0},"t":40,"s":[{"i":[[2.83,0],[0,0],[0,-2.838],[-2.836,0],[0,0],[0,2.837]],"o":[[0,0],[-2.836,0],[0,2.837],[0,0],[2.83,0],[0,-2.838]],"v":[[30.776,-5.134],[-10.768,-5.134],[-15.902,0],[-10.768,5.134],[30.776,5.134],[35.902,0]],"c":true}]},{"i":{"x":0.25,"y":1},"o":{"x":0.333,"y":0},"t":100,"s":[{"i":[[2.83,0],[0,0],[0,-2.838],[-2.836,0],[0,0],[0,2.837]],"o":[[0,0],[-2.836,0],[0,2.837],[0,0],[2.83,0],[0,-2.838]],"v":[[30.776,-5.134],[-30.768,-5.134],[-35.902,0],[-30.768,5.134],[30.776,5.134],[35.902,0]],"c":true}]},{"i":{"x":0.25,"y":1},"o":{"x":0.333,"y":0},"t":160,"s":[{"i":[[2.83,0],[0,0],[0,-2.838],[-2.836,0],[0,0],[0,2.837]],"o":[[0,0],[-2.836,0],[0,2.837],[0,0],[2.83,0],[0,-2.838]],"v":[[30.776,-5.134],[-10.768,-5.134],[-15.902,0],[-10.768,5.134],[30.776,5.134],[35.902,0]],"c":true}]},{"t":220,"s":[{"i":[[2.83,0],[0,0],[0,-2.838],[-2.836,0],[0,0],[0,2.837]],"o":[[0,0],[-2.836,0],[0,2.837],[0,0],[2.83,0],[0,-2.838]],"v":[[30.776,-5.134],[-30.768,-5.134],[-35.902,0],[-30.768,5.134],[30.776,5.134],[35.902,0]],"c":true}]}],"ix":2},"nm":"Path 1","mn":"ADBE Vector Shape - Group","hd":false},{"ty":"fl","c":{"a":0,"k":[0.102000000898,0.090000002992,0.105999995213,1],"ix":4,"x":"var $bm_rt;\n$bm_rt = thisComp.layer('color ctrl').effect('Color 1')('ADBE Color Control-0001');"},"o":{"a":0,"k":100,"ix":5},"r":1,"bm":0,"nm":"Fill 1","mn":"ADBE Vector Graphic - Fill","hd":false},{"ty":"tr","p":{"a":0,"k":[438.53,112.578],"ix":2},"a":{"a":0,"k":[0,0],"ix":1},"s":{"a":0,"k":[100,100],"ix":3},"r":{"a":0,"k":0,"ix":6},"o":{"a":0,"k":100,"ix":7},"sk":{"a":0,"k":0,"ix":4},"sa":{"a":0,"k":0,"ix":5},"nm":"Transform"}],"nm":"Group 7","np":2,"cix":2,"bm":0,"ix":1,"mn":"ADBE Vector Group","hd":false}],"ip":0,"op":121,"st":0,"bm":0},{"ddd":0,"ind":10,"ty":4,"nm":"Info - Group 8","sr":1,"ks":{"o":{"a":0,"k":100,"ix":11},"r":{"a":0,"k":0,"ix":10},"p":{"a":0,"k":[414.591,71.531,0],"ix":2,"l":2},"a":{"a":0,"k":[414.591,71.531,0],"ix":1,"l":2},"s":{"a":0,"k":[100,100,100],"ix":6,"l":2}},"ao":0,"shapes":[{"ty":"gr","it":[{"ind":0,"ty":"sh","ix":1,"ks":{"a":1,"k":[{"i":{"x":0.55,"y":1},"o":{"x":0.45,"y":0},"t":-10,"s":[{"i":[[2.83,0],[0,0],[0,-2.83],[-2.837,0],[0,0],[0,2.837]],"o":[[0,0],[-2.837,0],[0,2.837],[0,0],[2.83,0],[0,-2.83]],"v":[[54.715,-5.131],[-54.708,-5.131],[-59.842,-0.003],[-54.708,5.131],[54.715,5.131],[59.842,-0.003]],"c":true}]},{"i":{"x":0.833,"y":1},"o":{"x":0.45,"y":0},"t":50,"s":[{"i":[[2.83,0],[0,0],[0,-2.83],[-2.837,0],[0,0],[0,2.837]],"o":[[0,0],[-2.837,0],[0,2.837],[0,0],[2.83,0],[0,-2.83]],"v":[[54.715,-5.131],[-24.708,-5.131],[-29.842,-0.003],[-24.708,5.131],[54.715,5.131],[59.842,-0.003]],"c":true}]},{"i":{"x":0.55,"y":1},"o":{"x":0.45,"y":0},"t":110,"s":[{"i":[[2.83,0],[0,0],[0,-2.83],[-2.837,0],[0,0],[0,2.837]],"o":[[0,0],[-2.837,0],[0,2.837],[0,0],[2.83,0],[0,-2.83]],"v":[[54.715,-5.131],[-54.708,-5.131],[-59.842,-0.003],[-54.708,5.131],[54.715,5.131],[59.842,-0.003]],"c":true}]},{"i":{"x":0.55,"y":1},"o":{"x":0.45,"y":0},"t":170,"s":[{"i":[[2.83,0],[0,0],[0,-2.83],[-2.837,0],[0,0],[0,2.837]],"o":[[0,0],[-2.837,0],[0,2.837],[0,0],[2.83,0],[0,-2.83]],"v":[[54.715,-5.131],[-24.708,-5.131],[-29.842,-0.003],[-24.708,5.131],[54.715,5.131],[59.842,-0.003]],"c":true}]},{"t":230,"s":[{"i":[[2.83,0],[0,0],[0,-2.83],[-2.837,0],[0,0],[0,2.837]],"o":[[0,0],[-2.837,0],[0,2.837],[0,0],[2.83,0],[0,-2.83]],"v":[[54.715,-5.131],[-54.708,-5.131],[-59.842,-0.003],[-54.708,5.131],[54.715,5.131],[59.842,-0.003]],"c":true}]}],"ix":2},"nm":"Path 1","mn":"ADBE Vector Shape - Group","hd":false},{"ty":"fl","c":{"a":0,"k":[0.102000000898,0.090000002992,0.105999995213,1],"ix":4,"x":"var $bm_rt;\n$bm_rt = thisComp.layer('color ctrl').effect('Color 1')('ADBE Color Control-0001');"},"o":{"a":0,"k":100,"ix":5},"r":1,"bm":0,"nm":"Fill 1","mn":"ADBE Vector Graphic - Fill","hd":false},{"ty":"tr","p":{"a":0,"k":[414.591,71.531],"ix":2},"a":{"a":0,"k":[0,0],"ix":1},"s":{"a":0,"k":[100,100],"ix":3},"r":{"a":0,"k":0,"ix":6},"o":{"a":0,"k":100,"ix":7},"sk":{"a":0,"k":0,"ix":4},"sa":{"a":0,"k":0,"ix":5},"nm":"Transform"}],"nm":"Group 8","np":2,"cix":2,"bm":0,"ix":1,"mn":"ADBE Vector Group","hd":false}],"ip":0,"op":121,"st":0,"bm":0},{"ddd":0,"ind":11,"ty":4,"nm":"Info - Group 11","sr":1,"ks":{"o":{"a":0,"k":100,"ix":11},"r":{"a":0,"k":0,"ix":10},"p":{"a":1,"k":[{"i":{"x":0.25,"y":1},"o":{"x":0.333,"y":0},"t":0,"s":[253.861,208.821,0],"to":[0,0,0],"ti":[0,0,0]},{"i":{"x":0.27,"y":1},"o":{"x":0.333,"y":0},"t":20,"s":[253.861,228.821,0],"to":[0,0,0],"ti":[0,0,0]},{"i":{"x":0.667,"y":1},"o":{"x":0.75,"y":0},"t":35,"s":[253.861,198.821,0],"to":[0,0,0],"ti":[0,0,0]},{"i":{"x":0.25,"y":1},"o":{"x":0.333,"y":0},"t":50,"s":[253.861,222.705,0],"to":[0,0,0],"ti":[0,0,0]},{"t":60,"s":[253.861,208.821,0]}],"ix":2,"l":2},"a":{"a":0,"k":[253.861,208.821,0],"ix":1,"l":2},"s":{"a":1,"k":[{"i":{"x":[0.25,0.25,0.25],"y":[1,1,1]},"o":{"x":[0.333,0.333,0.333],"y":[0,0,0]},"t":0,"s":[100,100,100]},{"i":{"x":[0.25,0.25,0.25],"y":[1,1,1]},"o":{"x":[0.333,0.333,0.333],"y":[0,0,0]},"t":20,"s":[80,80,100]},{"i":{"x":[0.667,0.667,0.667],"y":[1,1,1]},"o":{"x":[0.53,0.53,0.53],"y":[0,0,0]},"t":35,"s":[110,110,100]},{"i":{"x":[0.25,0.25,0.25],"y":[1,1,1]},"o":{"x":[0.333,0.333,0.333],"y":[0,0,0]},"t":50,"s":[95,95,100]},{"i":{"x":[0.55,0.55,0.55],"y":[1,1,1]},"o":{"x":[0.45,0.45,0.45],"y":[0,0,0]},"t":60,"s":[100,100,100]},{"i":{"x":[0.55,0.55,0.55],"y":[1,1,1]},"o":{"x":[0.45,0.45,0.45],"y":[0,0,0]},"t":90,"s":[110,110,100]},{"t":120,"s":[100,100,100]}],"ix":6,"l":2}},"ao":0,"shapes":[{"ty":"gr","it":[{"ind":0,"ty":"sh","ix":1,"ks":{"a":0,"k":{"i":[[-12.257,0],[0,-12.256],[12.258,0],[0,12.258]],"o":[[12.258,0],[0,12.258],[-12.257,0],[0,-12.256]],"v":[[-0.003,-22.231],[22.227,-0.001],[-0.003,22.223],[-22.234,-0.001]],"c":true},"ix":2},"nm":"Path 1","mn":"ADBE Vector Shape - Group","hd":false},{"ind":1,"ty":"sh","ix":2,"ks":{"a":0,"k":{"i":[[-17.91,0],[0,17.918],[17.918,0],[0,-17.917]],"o":[[17.918,0],[0,-17.917],[-17.91,0],[0,17.918]],"v":[[-0.003,32.492],[32.487,-0.001],[-0.003,-32.492],[-32.488,-0.001]],"c":true},"ix":2},"nm":"Path 2","mn":"ADBE Vector Shape - Group","hd":false},{"ty":"mm","mm":1,"nm":"Merge Paths 1","mn":"ADBE Vector Filter - Merge","hd":false},{"ty":"fl","c":{"a":0,"k":[0.102000000898,0.090000002992,0.105999995213,1],"ix":4,"x":"var $bm_rt;\n$bm_rt = thisComp.layer('color ctrl').effect('Color 1')('ADBE Color Control-0001');"},"o":{"a":0,"k":100,"ix":5},"r":1,"bm":0,"nm":"Fill 1","mn":"ADBE Vector Graphic - Fill","hd":false},{"ty":"tr","p":{"a":0,"k":[253.861,176.329],"ix":2},"a":{"a":0,"k":[0,0],"ix":1},"s":{"a":0,"k":[100,100],"ix":3},"r":{"a":0,"k":0,"ix":6},"o":{"a":0,"k":100,"ix":7},"sk":{"a":0,"k":0,"ix":4},"sa":{"a":0,"k":0,"ix":5},"nm":"Transform"}],"nm":"Group 11","np":4,"cix":2,"bm":0,"ix":1,"mn":"ADBE Vector Group","hd":false}],"ip":0,"op":121,"st":0,"bm":0},{"ddd":0,"ind":12,"ty":4,"nm":"Info - Group 12","sr":1,"ks":{"o":{"a":0,"k":100,"ix":11},"r":{"a":0,"k":0,"ix":10},"p":{"a":0,"k":[250.433,249.361,0],"ix":2,"l":2},"a":{"a":0,"k":[250.433,249.361,0],"ix":1,"l":2},"s":{"a":0,"k":[100,100,100],"ix":6,"l":2}},"ao":0,"shapes":[{"ty":"gr","it":[{"ind":0,"ty":"sh","ix":1,"ks":{"a":0,"k":{"i":[[0,0],[-95.231,0],[0,-95.225],[95.231,0],[0,0]],"o":[[0,-95.225],[95.231,0],[0,95.231],[0,0],[0,0]],"v":[[-172.703,-0.004],[0,-172.706],[172.703,-0.004],[0,172.7],[-172.703,172.7]],"c":true},"ix":2},"nm":"Path 1","mn":"ADBE Vector Shape - Group","hd":false},{"ind":1,"ty":"sh","ix":2,"ks":{"a":0,"k":{"i":[[-2.837,0],[0,0],[0,100.885],[100.885,0],[0,-100.885],[0,0]],"o":[[0,0],[100.885,0],[0,-100.885],[-100.885,0],[0,0],[0,2.83]],"v":[[-177.83,182.96],[0,182.96],[182.964,-0.004],[0,-182.96],[-182.964,-0.004],[-182.964,177.833]],"c":true},"ix":2},"nm":"Path 2","mn":"ADBE Vector Shape - Group","hd":false},{"ty":"mm","mm":1,"nm":"Merge Paths 1","mn":"ADBE Vector Filter - Merge","hd":false},{"ty":"fl","c":{"a":0,"k":[0.102000000898,0.090000002992,0.105999995213,1],"ix":4,"x":"var $bm_rt;\n$bm_rt = thisComp.layer('color ctrl').effect('Color 1')('ADBE Color Control-0001');"},"o":{"a":0,"k":100,"ix":5},"r":1,"bm":0,"nm":"Fill 1","mn":"ADBE Vector Graphic - Fill","hd":false},{"ty":"tr","p":{"a":0,"k":[250.433,249.361],"ix":2},"a":{"a":0,"k":[0,0],"ix":1},"s":{"a":0,"k":[100,100],"ix":3},"r":{"a":0,"k":0,"ix":6},"o":{"a":0,"k":100,"ix":7},"sk":{"a":0,"k":0,"ix":4},"sa":{"a":0,"k":0,"ix":5},"nm":"Transform"}],"nm":"Group 12","np":4,"cix":2,"bm":0,"ix":1,"mn":"ADBE Vector Group","hd":false}],"ip":0,"op":121,"st":0,"bm":0},{"ddd":0,"ind":13,"ty":4,"nm":"Info - Group 13","sr":1,"ks":{"o":{"a":0,"k":100,"ix":11},"r":{"a":0,"k":0,"ix":10},"p":{"a":0,"k":[253.861,284.774,0],"ix":2,"l":2},"a":{"a":0,"k":[253.861,284.774,0],"ix":1,"l":2},"s":{"a":0,"k":[100,100,100],"ix":6,"l":2}},"ao":0,"shapes":[{"ty":"gr","it":[{"ind":0,"ty":"sh","ix":1,"ks":{"a":1,"k":[{"i":{"x":0.25,"y":1},"o":{"x":0.333,"y":0},"t":0,"s":[{"i":[[0,0],[0,0],[0,0],[0,0]],"o":[[0,0],[0,0],[0,0],[0,0]],"v":[[18.809,49.581],[-18.809,49.581],[-18.809,-49.588],[18.809,-49.588]],"c":true}]},{"i":{"x":0.25,"y":1},"o":{"x":0.333,"y":0},"t":20,"s":[{"i":[[0,0],[0,0],[0,0],[0,0]],"o":[[0,0],[0,0],[0,0],[0,0]],"v":[[18.809,49.581],[-18.809,49.581],[-18.809,-29.588],[18.809,-29.588]],"c":true}]},{"i":{"x":0.25,"y":1},"o":{"x":0.333,"y":0},"t":35,"s":[{"i":[[0,0],[0,0],[0,0],[0,0]],"o":[[0,0],[0,0],[0,0],[0,0]],"v":[[18.809,49.581],[-18.809,49.581],[-18.809,-59.588],[18.809,-59.588]],"c":true}]},{"i":{"x":0.25,"y":1},"o":{"x":0.167,"y":0},"t":50,"s":[{"i":[[0,0],[0,0],[0,0],[0,0]],"o":[[0,0],[0,0],[0,0],[0,0]],"v":[[18.809,49.581],[-18.809,49.581],[-18.809,-39.588],[18.809,-39.588]],"c":true}]},{"t":60,"s":[{"i":[[0,0],[0,0],[0,0],[0,0]],"o":[[0,0],[0,0],[0,0],[0,0]],"v":[[18.809,49.581],[-18.809,49.581],[-18.809,-49.588],[18.809,-49.588]],"c":true}]}],"ix":2},"nm":"Path 1","mn":"ADBE Vector Shape - Group","hd":false},{"ind":1,"ty":"sh","ix":2,"ks":{"a":1,"k":[{"i":{"x":0.25,"y":1},"o":{"x":0.333,"y":0},"t":0,"s":[{"i":[[0,0],[0,2.83],[2.83,0],[0,0],[0,0],[2.83,0],[0,0],[0,-2.83],[-2.83,0],[0,0],[0,0],[0,0],[0,-2.837],[-2.83,0]],"o":[[2.83,0],[0,-2.837],[0,0],[0,0],[0,-2.83],[0,0],[-2.83,0],[0,2.837],[0,0],[0,0],[0,0],[-2.83,0],[0,2.83],[0,0]],"v":[[41.039,59.849],[46.166,54.715],[41.039,49.581],[29.07,49.581],[29.07,-54.721],[23.936,-59.848],[-41.04,-59.848],[-46.166,-54.721],[-41.04,-49.587],[-29.069,-49.587],[-29.069,49.581],[-41.04,49.581],[-46.166,54.715],[-41.04,59.849]],"c":true}]},{"i":{"x":0.25,"y":1},"o":{"x":0.333,"y":0},"t":20,"s":[{"i":[[0,0],[0,2.83],[2.83,0],[0,0],[0,0],[2.83,0],[0,0],[0,-2.83],[-2.83,0],[0,0],[0,0],[0,0],[0,-2.837],[-2.83,0]],"o":[[2.83,0],[0,-2.837],[0,0],[0,0],[0,-2.83],[0,0],[-2.83,0],[0,2.837],[0,0],[0,0],[0,0],[-2.83,0],[0,2.83],[0,0]],"v":[[41.039,59.849],[46.166,54.715],[41.039,49.581],[29.07,49.581],[29.07,-34.721],[23.936,-39.848],[-41.04,-39.848],[-46.166,-34.721],[-41.04,-29.587],[-29.069,-29.587],[-29.069,49.581],[-41.04,49.581],[-46.166,54.715],[-41.04,59.849]],"c":true}]},{"i":{"x":0.25,"y":1},"o":{"x":0.333,"y":0},"t":35,"s":[{"i":[[0,0],[0,2.83],[2.83,0],[0,0],[0,0],[2.83,0],[0,0],[0,-2.83],[-2.83,0],[0,0],[0,0],[0,0],[0,-2.837],[-2.83,0]],"o":[[2.83,0],[0,-2.837],[0,0],[0,0],[0,-2.83],[0,0],[-2.83,0],[0,2.837],[0,0],[0,0],[0,0],[-2.83,0],[0,2.83],[0,0]],"v":[[41.039,59.849],[46.166,54.715],[41.039,49.581],[29.07,49.581],[29.07,-64.721],[23.936,-69.848],[-41.04,-69.848],[-46.166,-64.721],[-41.04,-59.587],[-29.069,-59.587],[-29.069,49.581],[-41.04,49.581],[-46.166,54.715],[-41.04,59.849]],"c":true}]},{"i":{"x":0.25,"y":1},"o":{"x":0.167,"y":0},"t":50,"s":[{"i":[[0,0],[0,2.83],[2.83,0],[0,0],[0,0],[2.83,0],[0,0],[0,-2.83],[-2.83,0],[0,0],[0,0],[0,0],[0,-2.837],[-2.83,0]],"o":[[2.83,0],[0,-2.837],[0,0],[0,0],[0,-2.83],[0,0],[-2.83,0],[0,2.837],[0,0],[0,0],[0,0],[-2.83,0],[0,2.83],[0,0]],"v":[[41.039,59.849],[46.166,54.715],[41.039,49.581],[29.07,49.581],[29.07,-44.721],[23.936,-49.848],[-41.04,-49.848],[-46.166,-44.721],[-41.04,-39.587],[-29.069,-39.587],[-29.069,49.581],[-41.04,49.581],[-46.166,54.715],[-41.04,59.849]],"c":true}]},{"t":60,"s":[{"i":[[0,0],[0,2.83],[2.83,0],[0,0],[0,0],[2.83,0],[0,0],[0,-2.83],[-2.83,0],[0,0],[0,0],[0,0],[0,-2.837],[-2.83,0]],"o":[[2.83,0],[0,-2.837],[0,0],[0,0],[0,-2.83],[0,0],[-2.83,0],[0,2.837],[0,0],[0,0],[0,0],[-2.83,0],[0,2.83],[0,0]],"v":[[41.039,59.849],[46.166,54.715],[41.039,49.581],[29.07,49.581],[29.07,-54.721],[23.936,-59.848],[-41.04,-59.848],[-46.166,-54.721],[-41.04,-49.587],[-29.069,-49.587],[-29.069,49.581],[-41.04,49.581],[-46.166,54.715],[-41.04,59.849]],"c":true}]}],"ix":2},"nm":"Path 2","mn":"ADBE Vector Shape - Group","hd":false},{"ty":"mm","mm":1,"nm":"Merge Paths 1","mn":"ADBE Vector Filter - Merge","hd":false},{"ty":"fl","c":{"a":0,"k":[0.102000000898,0.090000002992,0.105999995213,1],"ix":4,"x":"var $bm_rt;\n$bm_rt = thisComp.layer('color ctrl').effect('Color 1')('ADBE Color Control-0001');"},"o":{"a":0,"k":100,"ix":5},"r":1,"bm":0,"nm":"Fill 1","mn":"ADBE Vector Graphic - Fill","hd":false},{"ty":"tr","p":{"a":0,"k":[253.861,284.774],"ix":2},"a":{"a":0,"k":[0,0],"ix":1},"s":{"a":0,"k":[100,100],"ix":3},"r":{"a":0,"k":0,"ix":6},"o":{"a":0,"k":100,"ix":7},"sk":{"a":0,"k":0,"ix":4},"sa":{"a":0,"k":0,"ix":5},"nm":"Transform"}],"nm":"Group 13","np":4,"cix":2,"bm":0,"ix":1,"mn":"ADBE Vector Group","hd":false}],"ip":0,"op":121,"st":0,"bm":0},{"ddd":0,"ind":14,"ty":4,"nm":"Info - Group 14","parent":11,"sr":1,"ks":{"o":{"a":0,"k":100,"ix":11},"r":{"a":0,"k":0,"ix":10},"p":{"a":0,"k":[253.865,176.333,0],"ix":2,"l":2},"a":{"a":0,"k":[253.865,176.333,0],"ix":1,"l":2},"s":{"a":0,"k":[100,100,100],"ix":6,"l":2}},"ao":0,"shapes":[{"ty":"gr","it":[{"ind":0,"ty":"sh","ix":1,"ks":{"a":0,"k":{"i":[[0,15.115],[15.106,0],[0,-15.114],[-15.116,0]],"o":[[0,-15.114],[-15.116,0],[0,15.115],[15.106,0]],"v":[[27.357,-0.004],[0.001,-27.361],[-27.357,-0.004],[0.001,27.361]],"c":true},"ix":2},"nm":"Path 1","mn":"ADBE Vector Shape - Group","hd":false},{"ty":"fl","c":{"a":0,"k":[1,0.732999973671,0,1],"ix":4,"x":"var $bm_rt;\n$bm_rt = thisComp.layer('color ctrl').effect('Color 2')('ADBE Color Control-0001');"},"o":{"a":0,"k":100,"ix":5},"r":1,"bm":0,"nm":"Fill 1","mn":"ADBE Vector Graphic - Fill","hd":false},{"ty":"tr","p":{"a":0,"k":[253.865,176.333],"ix":2},"a":{"a":0,"k":[0,0],"ix":1},"s":{"a":0,"k":[100,100],"ix":3},"r":{"a":0,"k":0,"ix":6},"o":{"a":0,"k":100,"ix":7},"sk":{"a":0,"k":0,"ix":4},"sa":{"a":0,"k":0,"ix":5},"nm":"Transform"}],"nm":"Group 14","np":2,"cix":2,"bm":0,"ix":1,"mn":"ADBE Vector Group","hd":false}],"ip":0,"op":121,"st":0,"bm":0},{"ddd":0,"ind":15,"ty":4,"nm":"Info - Group 15","sr":1,"ks":{"o":{"a":0,"k":100,"ix":11},"r":{"a":0,"k":0,"ix":10},"p":{"a":0,"k":[253.864,339.489,0],"ix":2,"l":2},"a":{"a":0,"k":[253.864,339.489,0],"ix":1,"l":2},"s":{"a":1,"k":[{"i":{"x":[0.25,0.25,0.25],"y":[1,1,1]},"o":{"x":[0.333,0.333,0.333],"y":[0,0,0]},"t":0,"s":[100,100,100]},{"i":{"x":[0.25,0.25,0.25],"y":[1,1,1]},"o":{"x":[0.333,0.333,0.333],"y":[0,0,0]},"t":20,"s":[100,81.5,100]},{"i":{"x":[0.25,0.25,0.25],"y":[1,1,1]},"o":{"x":[0.333,0.333,0.333],"y":[0,0,0]},"t":35,"s":[100,108.231,100]},{"i":{"x":[0.25,0.25,0.25],"y":[1,1,1]},"o":{"x":[0.167,0.167,0.167],"y":[0,0,0]},"t":50,"s":[100,90,100]},{"t":60,"s":[100,100,100]}],"ix":6,"l":2}},"ao":0,"shapes":[{"ty":"gr","it":[{"ind":0,"ty":"sh","ix":1,"ks":{"a":0,"k":{"i":[[0,0],[0,0],[0,0],[0,0]],"o":[[0,0],[0,0],[0,0],[0,0]],"v":[[-23.939,54.719],[23.939,54.719],[23.939,-54.719],[-23.939,-54.719]],"c":true},"ix":2},"nm":"Path 1","mn":"ADBE Vector Shape - Group","hd":false},{"ty":"fl","c":{"a":0,"k":[0.486000001197,0.732999973671,0,1],"ix":4,"x":"var $bm_rt;\n$bm_rt = thisComp.layer('color ctrl').effect('Color 4')('ADBE Color Control-0001');"},"o":{"a":0,"k":100,"ix":5},"r":1,"bm":0,"nm":"Fill 1","mn":"ADBE Vector Graphic - Fill","hd":false},{"ty":"tr","p":{"a":0,"k":[253.864,284.771],"ix":2},"a":{"a":0,"k":[0,0],"ix":1},"s":{"a":0,"k":[100,100],"ix":3},"r":{"a":0,"k":0,"ix":6},"o":{"a":0,"k":100,"ix":7},"sk":{"a":0,"k":0,"ix":4},"sa":{"a":0,"k":0,"ix":5},"nm":"Transform"}],"nm":"Group 15","np":2,"cix":2,"bm":0,"ix":1,"mn":"ADBE Vector Group","hd":false}],"ip":0,"op":121,"st":0,"bm":0},{"ddd":0,"ind":16,"ty":4,"nm":"Info - Group 16","sr":1,"ks":{"o":{"a":0,"k":100,"ix":11},"r":{"a":0,"k":0,"ix":10},"p":{"a":0,"k":[250.432,249.361,0],"ix":2,"l":2},"a":{"a":0,"k":[250.432,249.361,0],"ix":1,"l":2},"s":{"a":0,"k":[100,100,100],"ix":6,"l":2}},"ao":0,"shapes":[{"ty":"gr","it":[{"ind":0,"ty":"sh","ix":1,"ks":{"a":1,"k":[{"i":{"x":0.55,"y":1},"o":{"x":0.45,"y":0},"t":-15,"s":[{"i":[[73.582,0],[0,0],[0,0],[-56.055,16.31],[1.066,-87.431]],"o":[[0,0],[0,0],[0,-58.386],[91.321,-26.578],[-0.889,73.582]],"v":[[-3.424,133.372],[-133.376,133.372],[-133.376,0.195],[-39.969,-127.561],[133.363,1.658]],"c":true}]},{"i":{"x":0.55,"y":1},"o":{"x":0.45,"y":0},"t":15,"s":[{"i":[[76.955,0],[0,0],[0,0],[-58.624,17.062],[1.105,-91.439]],"o":[[0,0],[0,0],[0,-61.063],[95.508,-27.796],[-0.93,76.955]],"v":[[-3.605,139.963],[-139.515,139.963],[-139.515,0.68],[-41.825,-132.933],[139.453,2.21]],"c":true}]},{"i":{"x":0.55,"y":1},"o":{"x":0.45,"y":0},"t":45,"s":[{"i":[[73.582,0],[0,0],[0,0],[-56.055,16.31],[1.066,-87.431]],"o":[[0,0],[0,0],[0,-58.386],[91.321,-26.578],[-0.889,73.582]],"v":[[-3.424,133.372],[-133.376,133.372],[-133.376,0.195],[-39.969,-127.561],[133.363,1.658]],"c":true}]},{"i":{"x":0.833,"y":1},"o":{"x":0.45,"y":0},"t":75,"s":[{"i":[[76.955,0],[0,0],[0,0],[-58.624,17.062],[1.105,-91.439]],"o":[[0,0],[0,0],[0,-61.063],[95.508,-27.796],[-0.93,76.955]],"v":[[-3.605,139.963],[-139.515,139.963],[-139.515,0.68],[-41.825,-132.933],[139.453,2.21]],"c":true}]},{"i":{"x":0.55,"y":1},"o":{"x":0.45,"y":0},"t":105,"s":[{"i":[[73.582,0],[0,0],[0,0],[-56.055,16.31],[1.066,-87.431]],"o":[[0,0],[0,0],[0,-58.386],[91.321,-26.578],[-0.889,73.582]],"v":[[-3.424,133.372],[-133.376,133.372],[-133.376,0.195],[-39.969,-127.561],[133.363,1.658]],"c":true}]},{"i":{"x":0.55,"y":1},"o":{"x":0.45,"y":0},"t":135,"s":[{"i":[[76.955,0],[0,0],[0,0],[-58.624,17.062],[1.105,-91.439]],"o":[[0,0],[0,0],[0,-61.063],[95.508,-27.796],[-0.93,76.955]],"v":[[-3.605,139.963],[-139.515,139.963],[-139.515,0.68],[-41.825,-132.933],[139.453,2.21]],"c":true}]},{"t":165,"s":[{"i":[[73.582,0],[0,0],[0,0],[-56.055,16.31],[1.066,-87.431]],"o":[[0,0],[0,0],[0,-58.386],[91.321,-26.578],[-0.889,73.582]],"v":[[-3.424,133.372],[-133.376,133.372],[-133.376,0.195],[-39.969,-127.561],[133.363,1.658]],"c":true}]}],"ix":2},"nm":"Path 1","mn":"ADBE Vector Shape - Group","hd":false},{"ind":1,"ty":"sh","ix":2,"ks":{"a":0,"k":{"i":[[98.212,0],[0,0],[0,-98.211],[0,0],[0,0],[0,98.219]],"o":[[0,0],[-98.211,0],[0,0],[0,0],[98.212,0],[0,-98.211]],"v":[[0,-177.833],[0,-177.833],[-177.83,-0.004],[-177.83,177.833],[0,177.833],[177.83,-0.004]],"c":true},"ix":2},"nm":"Path 2","mn":"ADBE Vector Shape - Group","hd":false},{"ty":"mm","mm":1,"nm":"Merge Paths 1","mn":"ADBE Vector Filter - Merge","hd":false},{"ty":"fl","c":{"a":0,"k":[0.964999988032,0.325,0.078000005086,1],"ix":4,"x":"var $bm_rt;\n$bm_rt = thisComp.layer('color ctrl').effect('Color 3')('ADBE Color Control-0001');"},"o":{"a":0,"k":100,"ix":5},"r":1,"bm":0,"nm":"Fill 1","mn":"ADBE Vector Graphic - Fill","hd":false},{"ty":"tr","p":{"a":0,"k":[250.432,249.361],"ix":2},"a":{"a":0,"k":[0,0],"ix":1},"s":{"a":0,"k":[100,100],"ix":3},"r":{"a":0,"k":0,"ix":6},"o":{"a":0,"k":100,"ix":7},"sk":{"a":0,"k":0,"ix":4},"sa":{"a":0,"k":0,"ix":5},"nm":"Transform"}],"nm":"Group 16","np":4,"cix":2,"bm":0,"ix":1,"mn":"ADBE Vector Group","hd":false}],"ip":0,"op":121,"st":0,"bm":0}],"markers":[]}